account_id,customer_id,account_type,open_date,country,status
ACC0000000,CUST001414,Savings,2024-02-20,DE,Active
ACC0000001,CUST001543,Business,2023-12-27,PK,Active
ACC0000002,CUST000734,Savings,2025-02-01,US,Active
ACC0000003,CUST001261,Business,2025-03-28,CN,Active
ACC0000004,CUST001771,Checking,2026-01-26,CN,Active
ACC0000005,CUST000796,Checking,2025-01-15,CN,Active
ACC0000006,CUST001606,Business,2023-12-11,AE,Active
ACC0000007,CUST001419,Business,2025-11-23,PK,Active
ACC0000008,CUST001897,Savings,2024-06-13,NL,Active
ACC0000009,CUST000853,Business,2025-07-14,FR,Active
ACC0000010,CUST001978,Business,2025-03-03,PK,Active
ACC0000011,CUST000026,Business,2026-02-14,AE,Active
ACC0000012,CUST000415,Business,2024-01-23,IN,Active
ACC0000013,CUST001699,Checking,2024-11-14,FR,Active
ACC0000014,CUST001546,Business,2023-11-28,CN,Active
ACC0000015,CUST001512,Business,2025-07-03,DE,Active
ACC0000016,CUST001589,Business,2024-04-09,DE,Active
ACC0000017,CUST000602,Savings,2024-03-09,GB,Active
ACC0000018,CUST001398,Checking,2025-10-07,GB,Active
ACC0000019,CUST001971,Checking,2025-06-30,CN,Active
ACC0000020,CUST000244,Savings,2023-10-31,PK,Closed
ACC0000021,CUST000877,Savings,2024-11-02,CN,Active
ACC0000022,CUST000541,Checking,2025-08-29,GB,Closed
ACC0000023,CUST001196,Savings,2024-01-14,PK,Active
ACC0000024,CUST000676,Savings,2026-04-13,GB,Active
ACC0000025,CUST000081,Checking,2026-03-16,FR,Active
ACC0000026,CUST001222,Checking,2025-10-21,SA,Active
ACC0000027,CUST001726,Business,2024-03-18,AE,Frozen
ACC0000028,CUST001004,Business,2024-04-27,CN,Active
ACC0000029,CUST000733,Checking,2024-12-16,FR,Active
ACC0000030,CUST001076,Checking,2026-03-10,GB,Active
ACC0000031,CUST001066,Checking,2023-12-06,CN,Active
ACC0000032,CUST000326,Savings,2023-12-19,CN,Active
ACC0000033,CUST001099,Savings,2025-02-16,US,Closed
ACC0000034,CUST000715,Checking,2025-09-08,DE,Active
ACC0000035,CUST001358,Savings,2023-11-01,FR,Active
ACC0000036,CUST000738,Savings,2025-08-03,DE,Active
ACC0000037,CUST001946,Business,2026-02-11,CN,Active
ACC0000038,CUST000972,Business,2026-04-16,PK,Active
ACC0000039,CUST000234,Business,2025-10-21,FR,Active
ACC0000040,CUST000912,Checking,2025-04-28,SA,Active
ACC0000041,CUST001881,Business,2025-06-13,DE,Active
ACC0000042,CUST001963,Checking,2024-09-01,FR,Active
ACC0000043,CUST000781,Checking,2025-08-30,NL,Active
ACC0000044,CUST000525,Business,2025-09-19,AE,Active
ACC0000045,CUST000050,Business,2024-09-06,FR,Active
ACC0000046,CUST001053,Business,2025-06-11,IN,Active
ACC0000047,CUST000996,Checking,2025-03-17,AE,Active
ACC0000048,CUST001839,Business,2026-01-25,DE,Active
ACC0000049,CUST000656,Business,2025-12-05,US,Active
ACC0000050,CUST001941,Checking,2024-03-22,GB,Active
ACC0000051,CUST001989,Business,2023-11-28,CN,Active
ACC0000052,CUST000015,Business,2023-10-29,US,Active
ACC0000053,CUST000431,Business,2023-10-31,DE,Closed
ACC0000054,CUST001771,Business,2025-09-24,NL,Active
ACC0000055,CUST001711,Checking,2026-04-22,DE,Active
ACC0000056,CUST001101,Business,2025-09-28,NL,Active
ACC0000057,CUST001324,Checking,2023-11-28,GB,Active
ACC0000058,CUST000048,Savings,2024-08-23,FR,Active
ACC0000059,CUST000077,Checking,2026-01-22,US,Active
ACC0000060,CUST000111,Checking,2026-05-10,AE,Active
ACC0000061,CUST001142,Checking,2025-04-02,SA,Active
ACC0000062,CUST001682,Checking,2023-07-29,AE,Active
ACC0000063,CUST000834,Savings,2023-10-01,IN,Active
ACC0000064,CUST001290,Savings,2025-02-17,NL,Active
ACC0000065,CUST000647,Checking,2026-01-16,NL,Active
ACC0000066,CUST001378,Checking,2026-06-06,CN,Active
ACC0000067,CUST000012,Business,2024-07-02,SA,Active
ACC0000068,CUST000129,Business,2024-08-20,SA,Active
ACC0000069,CUST000093,Business,2025-07-21,US,Active
ACC0000070,CUST000732,Business,2025-11-23,US,Active
ACC0000071,CUST000593,Business,2025-02-01,AE,Active
ACC0000072,CUST001242,Checking,2025-04-29,AE,Active
ACC0000073,CUST001567,Savings,2024-03-20,NL,Active
ACC0000074,CUST000809,Business,2024-09-21,PK,Active
ACC0000075,CUST000970,Checking,2025-02-20,CN,Active
ACC0000076,CUST000450,Checking,2024-11-30,NL,Active
ACC0000077,CUST001631,Business,2023-12-29,AE,Active
ACC0000078,CUST001966,Business,2026-04-28,GB,Frozen
ACC0000079,CUST000610,Business,2026-01-05,FR,Active
ACC0000080,CUST001960,Checking,2025-01-10,CN,Active
ACC0000081,CUST001791,Business,2024-11-24,GB,Active
ACC0000082,CUST000252,Checking,2025-04-29,PK,Active
ACC0000083,CUST001172,Business,2023-12-30,NL,Active
ACC0000084,CUST001100,Business,2025-07-06,US,Active
ACC0000085,CUST000624,Checking,2025-11-28,FR,Active
ACC0000086,CUST000433,Savings,2025-08-15,CN,Active
ACC0000087,CUST000291,Checking,2025-04-26,GB,Active
ACC0000088,CUST000452,Business,2024-06-21,AE,Active
ACC0000089,CUST000397,Checking,2026-06-17,GB,Active
ACC0000090,CUST001374,Business,2023-12-06,PK,Active
ACC0000091,CUST001743,Business,2026-06-24,IN,Closed
ACC0000092,CUST001320,Business,2025-08-19,US,Active
ACC0000093,CUST000595,Business,2024-12-18,US,Active
ACC0000094,CUST000513,Checking,2025-12-27,DE,Active
ACC0000095,CUST001486,Business,2025-01-05,IN,Active
ACC0000096,CUST001948,Savings,2025-08-16,FR,Active
ACC0000097,CUST000262,Business,2024-09-01,DE,Active
ACC0000098,CUST000204,Savings,2026-06-07,SA,Active
ACC0000099,CUST000142,Checking,2024-07-17,FR,Active
ACC0000100,CUST000995,Savings,2025-12-26,FR,Active
ACC0000101,CUST001262,Business,2024-03-08,AE,Active
ACC0000102,CUST001420,Business,2025-09-16,GB,Active
ACC0000103,CUST001158,Business,2025-12-07,FR,Active
ACC0000104,CUST001654,Savings,2025-08-12,NL,Active
ACC0000105,CUST000345,Checking,2023-09-22,FR,Active
ACC0000106,CUST000504,Checking,2026-02-04,NL,Active
ACC0000107,CUST000566,Savings,2024-02-03,GB,Active
ACC0000108,CUST001391,Business,2024-12-28,FR,Active
ACC0000109,CUST001797,Savings,2024-09-17,IN,Frozen
ACC0000110,CUST000912,Savings,2026-06-11,AE,Active
ACC0000111,CUST000997,Business,2025-06-29,US,Active
ACC0000112,CUST000359,Business,2026-01-17,SA,Active
ACC0000113,CUST000167,Savings,2026-06-18,GB,Active
ACC0000114,CUST001825,Business,2025-03-03,DE,Active
ACC0000115,CUST000539,Business,2024-07-21,US,Active
ACC0000116,CUST001489,Checking,2025-07-19,PK,Active
ACC0000117,CUST001739,Business,2026-06-17,PK,Active
ACC0000118,CUST001664,Business,2025-10-12,SA,Active
ACC0000119,CUST000829,Business,2024-09-16,DE,Active
ACC0000120,CUST001856,Checking,2025-02-09,CN,Active
ACC0000121,CUST000533,Business,2024-05-24,CN,Active
ACC0000122,CUST000966,Business,2025-08-08,GB,Closed
ACC0000123,CUST000749,Savings,2024-02-20,DE,Active
ACC0000124,CUST001825,Business,2026-01-25,AE,Frozen
ACC0000125,CUST000274,Savings,2024-09-19,CN,Active
ACC0000126,CUST001045,Checking,2023-12-14,NL,Active
ACC0000127,CUST000745,Business,2025-10-06,PK,Active
ACC0000128,CUST001357,Checking,2025-04-06,SA,Active
ACC0000129,CUST001401,Checking,2025-12-02,CN,Active
ACC0000130,CUST000287,Savings,2026-01-18,GB,Active
ACC0000131,CUST000366,Business,2025-08-22,SA,Active
ACC0000132,CUST001350,Checking,2024-11-26,IN,Active
ACC0000133,CUST001923,Savings,2024-01-18,PK,Active
ACC0000134,CUST000448,Savings,2023-12-21,DE,Active
ACC0000135,CUST000128,Savings,2025-08-07,FR,Active
ACC0000136,CUST000479,Checking,2024-06-02,DE,Active
ACC0000137,CUST001060,Savings,2023-12-29,NL,Active
ACC0000138,CUST000961,Savings,2024-03-16,PK,Active
ACC0000139,CUST000081,Business,2025-10-02,FR,Active
ACC0000140,CUST000211,Business,2025-09-18,CN,Active
ACC0000141,CUST001297,Savings,2023-08-06,AE,Active
ACC0000142,CUST900018,Business,2025-09-08,SA,Active
ACC0000143,CUST000356,Savings,2025-04-01,NL,Active
ACC0000144,CUST000748,Business,2025-07-20,US,Active
ACC0000145,CUST001058,Savings,2026-06-15,NL,Active
ACC0000146,CUST001992,Checking,2024-01-01,CN,Active
ACC0000147,CUST000831,Savings,2026-05-06,FR,Active
ACC0000148,CUST000997,Savings,2024-10-25,SA,Active
ACC0000149,CUST000013,Business,2026-01-10,GB,Active
ACC0000150,CUST000900,Checking,2026-04-10,DE,Active
ACC0000151,CUST000157,Business,2023-11-07,AE,Active
ACC0000152,CUST000433,Checking,2026-05-31,GB,Active
ACC0000153,CUST000322,Savings,2024-02-04,SA,Active
ACC0000154,CUST001469,Checking,2023-09-21,DE,Active
ACC0000155,CUST000849,Savings,2026-06-06,US,Active
ACC0000156,CUST000986,Business,2025-06-20,IN,Active
ACC0000157,CUST000981,Checking,2025-04-20,SA,Active
ACC0000158,CUST000330,Business,2026-05-26,NL,Active
ACC0000159,CUST000045,Checking,2025-05-26,PK,Active
ACC0000160,CUST000261,Business,2024-09-30,SA,Active
ACC0000161,CUST000329,Checking,2023-09-02,CN,Active
ACC0000162,CUST000080,Business,2024-04-09,GB,Active
ACC0000163,CUST000114,Checking,2024-12-29,AE,Active
ACC0000164,CUST001889,Checking,2025-07-30,CN,Active
ACC0000165,CUST001962,Savings,2026-05-10,SA,Closed
ACC0000166,CUST001985,Business,2025-06-22,PK,Active
ACC0000167,CUST001799,Business,2024-08-31,AE,Active
ACC0000168,CUST001939,Checking,2025-08-03,DE,Active
ACC0000169,CUST000919,Business,2025-11-21,IN,Active
ACC0000170,CUST001776,Savings,2025-06-28,GB,Active
ACC0000171,CUST900028,Savings,2025-11-03,SA,Active
ACC0000172,CUST000292,Business,2026-02-03,GB,Active
ACC0000173,CUST001276,Business,2025-06-20,CN,Active
ACC0000174,CUST000541,Checking,2024-05-16,FR,Active
ACC0000175,CUST001888,Savings,2025-06-23,SA,Active
ACC0000176,CUST001209,Checking,2024-08-22,DE,Active
ACC0000177,CUST000774,Savings,2023-12-02,GB,Active
ACC0000178,CUST000222,Checking,2023-10-24,DE,Active
ACC0000179,CUST001070,Business,2024-12-30,NL,Active
ACC0000180,CUST001692,Checking,2025-07-09,SA,Active
ACC0000181,CUST000197,Checking,2025-01-21,IN,Active
ACC0000182,CUST001846,Business,2023-08-21,SA,Active
ACC0000183,CUST000079,Business,2025-03-29,CN,Active
ACC0000184,CUST001540,Checking,2025-03-29,US,Active
ACC0000185,CUST000987,Business,2024-05-14,GB,Closed
ACC0000186,CUST001847,Business,2025-09-29,CN,Active
ACC0000187,CUST001694,Checking,2025-11-20,NL,Active
ACC0000188,CUST001069,Savings,2024-02-06,FR,Active
ACC0000189,CUST001791,Checking,2024-12-25,CN,Active
ACC0000190,CUST000878,Checking,2025-06-14,IN,Active
ACC0000191,CUST001617,Savings,2024-11-01,FR,Active
ACC0000192,CUST001206,Business,2025-03-28,SA,Active
ACC0000193,CUST000200,Savings,2023-11-11,GB,Active
ACC0000194,CUST000521,Savings,2023-10-03,DE,Active
ACC0000195,CUST001863,Checking,2026-03-22,AE,Active
ACC0000196,CUST001225,Business,2025-11-21,NL,Active
ACC0000197,CUST000527,Checking,2024-02-10,PK,Active
ACC0000198,CUST001452,Business,2025-12-10,PK,Active
ACC0000199,CUST001183,Business,2023-08-18,US,Active
ACC0000200,CUST001064,Checking,2025-03-11,NL,Closed
ACC0000201,CUST001340,Checking,2025-02-18,FR,Active
ACC0000202,CUST000837,Savings,2025-12-09,US,Active
ACC0000203,CUST000316,Savings,2024-12-29,SA,Active
ACC0000204,CUST000519,Savings,2025-01-31,CN,Active
ACC0000205,CUST000867,Business,2025-04-11,FR,Active
ACC0000206,CUST001253,Savings,2025-08-26,NL,Active
ACC0000207,CUST001546,Checking,2025-11-16,NL,Active
ACC0000208,CUST001130,Business,2023-12-07,IN,Active
ACC0000209,CUST000366,Savings,2025-10-07,CN,Active
ACC0000210,CUST001136,Savings,2026-05-22,AE,Active
ACC0000211,CUST000628,Business,2026-03-10,FR,Active
ACC0000212,CUST001585,Business,2024-02-05,NL,Active
ACC0000213,CUST001506,Checking,2025-04-26,US,Closed
ACC0000214,CUST001531,Checking,2024-02-04,IN,Active
ACC0000215,CUST001603,Business,2025-03-10,GB,Active
ACC0000216,CUST000205,Checking,2025-11-27,CN,Active
ACC0000217,CUST000820,Savings,2023-12-06,CN,Active
ACC0000218,CUST001257,Business,2023-12-12,PK,Active
ACC0000219,CUST000329,Savings,2024-03-03,PK,Active
ACC0000220,CUST001647,Checking,2024-01-15,GB,Active
ACC0000221,CUST000965,Business,2025-03-18,NL,Active
ACC0000222,CUST000180,Checking,2026-01-20,AE,Active
ACC0000223,CUST000454,Savings,2023-09-03,US,Active
ACC0000224,CUST001247,Checking,2026-06-06,NL,Active
ACC0000225,CUST001906,Savings,2025-01-17,SA,Active
ACC0000226,CUST001343,Business,2024-08-18,AE,Active
ACC0000227,CUST001457,Business,2025-02-27,PK,Active
ACC0000228,CUST001936,Checking,2024-10-20,IN,Active
ACC0000229,CUST000899,Checking,2026-04-30,DE,Active
ACC0000230,CUST900015,Business,2023-07-28,CN,Active
ACC0000231,CUST000585,Checking,2024-06-12,PK,Active
ACC0000232,CUST001605,Business,2026-05-01,CN,Active
ACC0000233,CUST001056,Business,2025-01-31,DE,Active
ACC0000234,CUST001259,Checking,2025-11-08,PK,Active
ACC0000235,CUST000736,Checking,2025-06-29,PK,Active
ACC0000236,CUST900002,Checking,2024-11-13,US,Active
ACC0000237,CUST000565,Savings,2025-04-03,FR,Active
ACC0000238,CUST001371,Savings,2025-08-06,NL,Active
ACC0000239,CUST001200,Checking,2025-02-04,CN,Active
ACC0000240,CUST000031,Business,2026-06-13,US,Active
ACC0000241,CUST001882,Checking,2024-08-06,CN,Active
ACC0000242,CUST000582,Business,2025-02-20,CN,Active
ACC0000243,CUST001873,Business,2024-03-07,FR,Frozen
ACC0000244,CUST000711,Savings,2023-11-10,DE,Active
ACC0000245,CUST001241,Checking,2025-12-17,IN,Active
ACC0000246,CUST001904,Savings,2024-04-05,SA,Active
ACC0000247,CUST000009,Savings,2024-02-13,GB,Active
ACC0000248,CUST000833,Business,2024-06-11,US,Active
ACC0000249,CUST001144,Checking,2025-12-31,CN,Active
ACC0000250,CUST000602,Savings,2026-05-13,US,Active
ACC0000251,CUST001644,Business,2025-04-29,AE,Active
ACC0000252,CUST001794,Business,2024-03-14,SA,Active
ACC0000253,CUST000512,Business,2024-08-13,IN,Active
ACC0000254,CUST001978,Savings,2023-12-11,SA,Active
ACC0000255,CUST000990,Checking,2025-05-21,FR,Active
ACC0000256,CUST001968,Savings,2023-10-15,IN,Active
ACC0000257,CUST001836,Business,2024-04-24,PK,Active
ACC0000258,CUST000987,Checking,2024-09-06,AE,Active
ACC0000259,CUST000138,Savings,2026-03-17,DE,Active
ACC0000260,CUST001386,Business,2024-09-26,DE,Active
ACC0000261,CUST001638,Savings,2023-10-24,NL,Active
ACC0000262,CUST001956,Savings,2024-04-23,CN,Active
ACC0000263,CUST001097,Checking,2024-10-23,AE,Active
ACC0000264,CUST000508,Savings,2025-08-06,US,Active
ACC0000265,CUST000817,Business,2025-02-18,FR,Active
ACC0000266,CUST000155,Business,2023-10-11,GB,Active
ACC0000267,CUST000975,Savings,2025-09-16,FR,Active
ACC0000268,CUST000447,Business,2026-06-23,AE,Active
ACC0000269,CUST000374,Business,2025-08-08,DE,Active
ACC0000270,CUST001021,Business,2024-02-18,DE,Active
ACC0000271,CUST000480,Business,2024-08-27,DE,Active
ACC0000272,CUST001787,Savings,2025-06-27,DE,Active
ACC0000273,CUST000469,Checking,2025-12-18,DE,Active
ACC0000274,CUST001712,Business,2025-05-02,FR,Closed
ACC0000275,CUST000319,Checking,2024-10-17,US,Active
ACC0000276,CUST001884,Checking,2024-01-07,IN,Active
ACC0000277,CUST001257,Checking,2026-06-19,CN,Active
ACC0000278,CUST001961,Checking,2024-11-01,IN,Active
ACC0000279,CUST000760,Business,2023-08-24,FR,Active
ACC0000280,CUST001008,Business,2025-05-01,AE,Active
ACC0000281,CUST001005,Checking,2023-10-18,CN,Active
ACC0000282,CUST000573,Savings,2023-12-07,DE,Active
ACC0000283,CUST001536,Business,2023-11-22,GB,Active
ACC0000284,CUST000110,Business,2025-03-03,NL,Active
ACC0000285,CUST000979,Business,2023-10-06,PK,Active
ACC0000286,CUST001029,Savings,2025-06-09,NL,Closed
ACC0000287,CUST001762,Business,2024-08-17,GB,Active
ACC0000288,CUST000936,Checking,2024-07-17,CN,Active
ACC0000289,CUST000942,Savings,2024-05-14,PK,Active
ACC0000290,CUST000024,Business,2026-02-08,DE,Active
ACC0000291,CUST000777,Business,2024-03-24,US,Active
ACC0000292,CUST000666,Savings,2023-08-07,SA,Active
ACC0000293,CUST001765,Savings,2024-09-02,GB,Active
ACC0000294,CUST001123,Savings,2026-05-25,DE,Active
ACC0000295,CUST000551,Savings,2024-09-03,SA,Active
ACC0000296,CUST000702,Savings,2023-11-16,GB,Active
ACC0000297,CUST001021,Savings,2026-04-09,DE,Active
ACC0000298,CUST000858,Business,2024-01-31,FR,Active
ACC0000299,CUST000747,Savings,2025-09-11,AE,Active
ACC0000300,CUST000923,Checking,2024-06-18,SA,Active
ACC0000301,CUST000268,Business,2025-12-19,DE,Active
ACC0000302,CUST001667,Checking,2024-12-30,AE,Active
ACC0000303,CUST001646,Checking,2025-02-10,CN,Active
ACC0000304,CUST000885,Savings,2025-08-12,DE,Closed
ACC0000305,CUST000298,Business,2026-02-04,GB,Active
ACC0000306,CUST000968,Checking,2025-03-06,GB,Active
ACC0000307,CUST000863,Savings,2025-05-05,GB,Active
ACC0000308,CUST001829,Business,2026-03-09,CN,Active
ACC0000309,CUST001093,Business,2024-01-26,FR,Active
ACC0000310,CUST001608,Savings,2026-05-01,AE,Active
ACC0000311,CUST000513,Business,2024-09-15,SA,Active
ACC0000312,CUST000097,Savings,2024-07-29,US,Active
ACC0000313,CUST001414,Checking,2025-09-25,PK,Active
ACC0000314,CUST000441,Savings,2026-05-24,IN,Frozen
ACC0000315,CUST001718,Business,2025-02-13,US,Active
ACC0000316,CUST000921,Business,2025-04-21,FR,Active
ACC0000317,CUST000532,Savings,2026-01-18,FR,Active
ACC0000318,CUST001147,Business,2024-12-17,AE,Active
ACC0000319,CUST000704,Checking,2023-12-10,NL,Active
ACC0000320,CUST000248,Savings,2023-08-07,SA,Active
ACC0000321,CUST000407,Business,2025-01-25,SA,Active
ACC0000322,CUST001330,Business,2024-01-09,CN,Active
ACC0000323,CUST000357,Savings,2023-12-09,FR,Active
ACC0000324,CUST000665,Business,2024-09-03,CN,Active
ACC0000325,CUST000998,Business,2025-09-18,IN,Closed
ACC0000326,CUST001821,Checking,2023-09-22,NL,Active
ACC0000327,CUST001256,Savings,2025-09-08,IN,Active
ACC0000328,CUST001293,Checking,2026-05-31,GB,Active
ACC0000329,CUST001311,Savings,2025-08-20,NL,Active
ACC0000330,CUST001292,Business,2024-04-18,SA,Active
ACC0000331,CUST000828,Checking,2025-05-06,US,Active
ACC0000332,CUST900008,Savings,2025-08-19,DE,Active
ACC0000333,CUST000642,Savings,2024-02-08,AE,Active
ACC0000334,CUST001454,Savings,2026-06-13,SA,Active
ACC0000335,CUST001320,Savings,2025-11-25,AE,Active
ACC0000336,CUST001817,Savings,2025-01-13,FR,Active
ACC0000337,CUST001531,Business,2024-05-17,CN,Active
ACC0000338,CUST001977,Savings,2024-10-25,NL,Active
ACC0000339,CUST000342,Checking,2026-04-26,PK,Active
ACC0000340,CUST000256,Business,2026-02-21,DE,Active
ACC0000341,CUST001355,Savings,2025-12-11,US,Active
ACC0000342,CUST000431,Checking,2024-06-17,NL,Active
ACC0000343,CUST000210,Checking,2026-01-27,US,Active
ACC0000344,CUST001918,Savings,2026-05-02,CN,Closed
ACC0000345,CUST000110,Checking,2024-10-03,NL,Active
ACC0000346,CUST001073,Checking,2024-06-25,US,Active
ACC0000347,CUST000537,Business,2023-11-01,GB,Active
ACC0000348,CUST000172,Business,2023-10-20,NL,Active
ACC0000349,CUST000633,Checking,2025-09-13,DE,Active
ACC0000350,CUST001510,Savings,2026-04-30,IN,Active
ACC0000351,CUST001283,Checking,2024-01-20,GB,Active
ACC0000352,CUST001078,Checking,2023-09-27,PK,Active
ACC0000353,CUST000071,Business,2025-09-27,FR,Active
ACC0000354,CUST001762,Savings,2025-03-09,IN,Active
ACC0000355,CUST000956,Business,2025-01-03,AE,Active
ACC0000356,CUST001123,Savings,2026-02-14,GB,Active
ACC0000357,CUST001985,Business,2026-05-18,CN,Active
ACC0000358,CUST000362,Business,2024-10-21,SA,Active
ACC0000359,CUST000935,Business,2025-01-20,SA,Active
ACC0000360,CUST000890,Business,2025-09-14,CN,Active
ACC0000361,CUST000634,Savings,2024-12-20,IN,Active
ACC0000362,CUST001105,Checking,2025-01-27,US,Active
ACC0000363,CUST000904,Savings,2026-06-25,FR,Active
ACC0000364,CUST000844,Savings,2026-02-28,GB,Active
ACC0000365,CUST000621,Checking,2025-08-09,PK,Active
ACC0000366,CUST001071,Checking,2024-10-02,FR,Active
ACC0000367,CUST000587,Savings,2025-05-14,CN,Active
ACC0000368,CUST000017,Business,2026-03-25,IN,Active
ACC0000369,CUST001939,Savings,2025-09-30,AE,Active
ACC0000370,CUST000018,Savings,2025-08-27,AE,Active
ACC0000371,CUST001222,Checking,2025-08-14,PK,Active
ACC0000372,CUST001122,Savings,2025-10-04,DE,Active
ACC0000373,CUST000843,Business,2024-04-13,NL,Active
ACC0000374,CUST000808,Checking,2025-09-22,GB,Active
ACC0000375,CUST001464,Business,2026-05-06,NL,Active
ACC0000376,CUST001696,Savings,2025-12-21,DE,Active
ACC0000377,CUST000538,Checking,2026-02-20,NL,Active
ACC0000378,CUST001280,Checking,2025-02-09,CN,Active
ACC0000379,CUST001565,Business,2025-05-07,AE,Active
ACC0000380,CUST000583,Business,2025-05-05,CN,Active
ACC0000381,CUST001656,Savings,2026-05-21,NL,Active
ACC0000382,CUST000385,Checking,2025-07-16,GB,Active
ACC0000383,CUST000279,Savings,2026-02-22,US,Active
ACC0000384,CUST001304,Savings,2025-02-05,SA,Active
ACC0000385,CUST000927,Savings,2024-03-23,SA,Active
ACC0000386,CUST001007,Checking,2023-10-16,FR,Active
ACC0000387,CUST000039,Checking,2026-01-07,PK,Active
ACC0000388,CUST001985,Business,2025-01-25,PK,Active
ACC0000389,CUST000380,Checking,2026-05-08,AE,Active
ACC0000390,CUST000551,Checking,2024-10-20,IN,Active
ACC0000391,CUST001489,Checking,2024-09-04,DE,Active
ACC0000392,CUST000184,Checking,2024-08-28,PK,Active
ACC0000393,CUST001010,Checking,2023-11-25,FR,Active
ACC0000394,CUST000860,Savings,2026-03-28,IN,Active
ACC0000395,CUST000760,Savings,2024-04-19,PK,Active
ACC0000396,CUST000676,Checking,2025-02-21,GB,Active
ACC0000397,CUST000114,Savings,2025-10-21,NL,Active
ACC0000398,CUST000146,Business,2023-11-30,IN,Active
ACC0000399,CUST000371,Checking,2024-06-10,AE,Active
ACC0000400,CUST001673,Savings,2024-06-04,PK,Active
ACC0000401,CUST000249,Business,2024-03-11,DE,Active
ACC0000402,CUST000788,Savings,2025-09-21,DE,Active
ACC0000403,CUST001510,Checking,2025-03-25,DE,Active
ACC0000404,CUST000943,Business,2024-03-15,US,Active
ACC0000405,CUST001067,Business,2024-06-16,DE,Active
ACC0000406,CUST000968,Savings,2026-04-17,AE,Active
ACC0000407,CUST001917,Savings,2025-06-12,GB,Active
ACC0000408,CUST001288,Business,2025-12-24,PK,Frozen
ACC0000409,CUST001525,Business,2023-09-03,CN,Active
ACC0000410,CUST000250,Savings,2024-12-02,IN,Active
ACC0000411,CUST001307,Savings,2025-05-16,DE,Active
ACC0000412,CUST000738,Checking,2024-12-29,DE,Active
ACC0000413,CUST001993,Checking,2024-08-10,DE,Active
ACC0000414,CUST001296,Savings,2025-05-14,FR,Active
ACC0000415,CUST000030,Checking,2024-07-12,AE,Closed
ACC0000416,CUST001197,Checking,2024-08-08,NL,Active
ACC0000417,CUST001616,Checking,2023-08-02,PK,Active
ACC0000418,CUST001984,Checking,2026-03-02,SA,Active
ACC0000419,CUST001604,Business,2024-02-11,IN,Active
ACC0000420,CUST001409,Business,2024-08-08,GB,Active
ACC0000421,CUST000760,Checking,2023-11-13,DE,Active
ACC0000422,CUST000322,Savings,2025-01-02,US,Active
ACC0000423,CUST001404,Business,2023-10-26,FR,Active
ACC0000424,CUST001906,Business,2025-01-26,PK,Active
ACC0000425,CUST000122,Savings,2024-01-07,GB,Active
ACC0000426,CUST001436,Business,2023-12-07,US,Active
ACC0000427,CUST000257,Savings,2024-12-28,DE,Closed
ACC0000428,CUST000648,Business,2024-01-09,FR,Active
ACC0000429,CUST001649,Savings,2025-06-26,DE,Active
ACC0000430,CUST000043,Business,2024-03-25,NL,Active
ACC0000431,CUST000733,Business,2024-09-21,GB,Active
ACC0000432,CUST000513,Checking,2024-06-11,IN,Frozen
ACC0000433,CUST001447,Savings,2024-10-26,CN,Active
ACC0000434,CUST000603,Business,2024-02-07,IN,Closed
ACC0000435,CUST000388,Business,2025-12-09,GB,Active
ACC0000436,CUST001113,Savings,2023-11-20,FR,Active
ACC0000437,CUST001499,Savings,2024-11-06,AE,Active
ACC0000438,CUST001776,Business,2026-01-07,CN,Active
ACC0000439,CUST000328,Checking,2024-01-16,CN,Active
ACC0000440,CUST000317,Savings,2024-08-08,AE,Active
ACC0000441,CUST001678,Savings,2024-11-01,CN,Active
ACC0000442,CUST000751,Savings,2024-08-13,PK,Active
ACC0000443,CUST001589,Business,2026-02-09,CN,Active
ACC0000444,CUST000776,Business,2024-02-24,GB,Active
ACC0000445,CUST001808,Checking,2024-02-15,SA,Active
ACC0000446,CUST001754,Savings,2023-09-08,SA,Active
ACC0000447,CUST000489,Savings,2024-09-20,US,Active
ACC0000448,CUST001348,Business,2025-09-28,NL,Active
ACC0000449,CUST000388,Business,2026-03-14,IN,Active
ACC0000450,CUST001568,Business,2024-01-14,GB,Active
ACC0000451,CUST001255,Savings,2024-02-25,FR,Closed
ACC0000452,CUST000839,Business,2024-12-19,FR,Active
ACC0000453,CUST000226,Checking,2025-07-06,CN,Active
ACC0000454,CUST001349,Checking,2024-05-06,PK,Active
ACC0000455,CUST001710,Checking,2024-10-18,GB,Active
ACC0000456,CUST001788,Checking,2025-03-05,DE,Active
ACC0000457,CUST000219,Savings,2025-11-26,DE,Active
ACC0000458,CUST000202,Checking,2025-08-27,SA,Active
ACC0000459,CUST001314,Savings,2024-07-08,IN,Active
ACC0000460,CUST001076,Business,2025-10-19,SA,Frozen
ACC0000461,CUST000524,Checking,2026-02-21,FR,Active
ACC0000462,CUST000452,Business,2025-01-12,US,Active
ACC0000463,CUST000026,Checking,2026-04-07,IN,Active
ACC0000464,CUST001901,Checking,2026-01-11,IN,Active
ACC0000465,CUST001640,Business,2024-09-14,PK,Active
ACC0000466,CUST000739,Business,2023-11-21,NL,Active
ACC0000467,CUST001683,Savings,2023-11-19,PK,Active
ACC0000468,CUST001686,Business,2023-08-19,AE,Active
ACC0000469,CUST001083,Checking,2024-01-09,US,Active
ACC0000470,CUST001708,Savings,2025-01-11,US,Active
ACC0000471,CUST001934,Checking,2025-10-23,CN,Closed
ACC0000472,CUST000198,Checking,2024-04-05,DE,Active
ACC0000473,CUST001088,Savings,2025-07-20,DE,Active
ACC0000474,CUST000395,Business,2024-07-26,DE,Active
ACC0000475,CUST001167,Business,2026-06-02,GB,Active
ACC0000476,CUST001143,Business,2025-09-21,CN,Active
ACC0000477,CUST000850,Business,2024-11-01,US,Active
ACC0000478,CUST001569,Business,2024-05-31,SA,Active
ACC0000479,CUST000733,Business,2024-12-27,IN,Active
ACC0000480,CUST001438,Business,2025-10-16,NL,Active
ACC0000481,CUST001808,Checking,2024-04-17,GB,Active
ACC0000482,CUST001622,Checking,2024-01-06,CN,Closed
ACC0000483,CUST000822,Business,2025-01-22,FR,Active
ACC0000484,CUST001346,Checking,2024-04-18,CN,Active
ACC0000485,CUST001228,Savings,2025-10-22,FR,Frozen
ACC0000486,CUST001848,Savings,2026-02-03,CN,Active
ACC0000487,CUST000664,Savings,2026-06-21,NL,Active
ACC0000488,CUST001565,Business,2024-04-16,NL,Active
ACC0000489,CUST001691,Business,2025-12-18,FR,Active
ACC0000490,CUST001246,Checking,2024-02-24,SA,Active
ACC0000491,CUST001117,Checking,2025-08-19,NL,Active
ACC0000492,CUST001568,Business,2025-12-07,AE,Active
ACC0000493,CUST000737,Savings,2025-08-13,IN,Active
ACC0000494,CUST001965,Savings,2025-01-13,PK,Active
ACC0000495,CUST001487,Checking,2024-02-06,AE,Active
ACC0000496,CUST001220,Checking,2026-06-20,CN,Active
ACC0000497,CUST000276,Savings,2025-04-18,PK,Active
ACC0000498,CUST000615,Checking,2025-06-03,DE,Frozen
ACC0000499,CUST001752,Savings,2024-03-28,PK,Active
ACC0000500,CUST001580,Business,2023-12-16,AE,Active
ACC0000501,CUST001882,Business,2023-09-06,CN,Active
ACC0000502,CUST001139,Business,2026-06-17,SA,Active
ACC0000503,CUST000316,Checking,2026-04-13,PK,Closed
ACC0000504,CUST000942,Savings,2024-10-24,GB,Active
ACC0000505,CUST000283,Savings,2025-05-15,FR,Active
ACC0000506,CUST001821,Business,2023-11-01,DE,Active
ACC0000507,CUST000477,Savings,2023-09-20,AE,Active
ACC0000508,CUST000188,Business,2024-10-04,NL,Active
ACC0000509,CUST001165,Checking,2024-06-18,US,Active
ACC0000510,CUST001481,Savings,2025-06-02,IN,Active
ACC0000511,CUST000354,Savings,2024-03-30,SA,Active
ACC0000512,CUST001678,Checking,2024-07-20,SA,Active
ACC0000513,CUST001315,Savings,2024-12-19,PK,Active
ACC0000514,CUST001496,Business,2025-01-21,NL,Active
ACC0000515,CUST000160,Checking,2025-06-13,FR,Closed
ACC0000516,CUST000712,Savings,2024-06-16,NL,Active
ACC0000517,CUST001905,Checking,2024-05-10,DE,Active
ACC0000518,CUST001531,Business,2024-05-22,SA,Active
ACC0000519,CUST001901,Checking,2024-08-05,NL,Active
ACC0000520,CUST000110,Savings,2024-10-15,CN,Active
ACC0000521,CUST000084,Savings,2024-07-02,CN,Active
ACC0000522,CUST001156,Checking,2023-09-16,FR,Active
ACC0000523,CUST001028,Business,2023-09-09,DE,Active
ACC0000524,CUST000313,Checking,2023-09-21,NL,Active
ACC0000525,CUST001988,Savings,2025-09-28,SA,Active
ACC0000526,CUST001178,Business,2024-03-09,US,Active
ACC0000527,CUST000454,Savings,2024-12-12,AE,Closed
ACC0000528,CUST001610,Savings,2026-03-22,GB,Active
ACC0000529,CUST000270,Savings,2023-11-12,US,Frozen
ACC0000530,CUST000974,Business,2024-02-10,PK,Active
ACC0000531,CUST001122,Savings,2026-05-03,AE,Active
ACC0000532,CUST000174,Savings,2024-08-18,CN,Active
ACC0000533,CUST000889,Business,2024-06-16,GB,Active
ACC0000534,CUST001560,Checking,2023-11-08,IN,Active
ACC0000535,CUST001145,Checking,2023-08-11,IN,Active
ACC0000536,CUST000809,Business,2025-03-07,SA,Active
ACC0000537,CUST000401,Business,2026-01-31,SA,Active
ACC0000538,CUST001506,Business,2024-07-15,DE,Active
ACC0000539,CUST000496,Checking,2025-09-25,AE,Active
ACC0000540,CUST001590,Savings,2024-08-16,FR,Active
ACC0000541,CUST001402,Business,2025-11-04,US,Active
ACC0000542,CUST000230,Business,2025-02-10,NL,Active
ACC0000543,CUST000867,Savings,2024-08-27,FR,Active
ACC0000544,CUST000390,Savings,2025-06-20,FR,Active
ACC0000545,CUST001216,Business,2024-03-07,PK,Active
ACC0000546,CUST001576,Savings,2024-09-09,GB,Active
ACC0000547,CUST000716,Business,2026-02-27,IN,Active
ACC0000548,CUST001276,Checking,2023-12-14,IN,Active
ACC0000549,CUST000091,Checking,2025-09-26,DE,Active
ACC0000550,CUST001403,Savings,2023-12-03,GB,Active
ACC0000551,CUST001551,Business,2025-04-13,US,Active
ACC0000552,CUST000230,Business,2026-03-26,PK,Active
ACC0000553,CUST000497,Business,2025-06-24,GB,Closed
ACC0000554,CUST001779,Savings,2024-02-16,PK,Active
ACC0000555,CUST000703,Business,2025-08-17,US,Closed
ACC0000556,CUST000624,Savings,2026-04-09,IN,Active
ACC0000557,CUST900029,Savings,2023-10-15,DE,Active
ACC0000558,CUST001515,Business,2025-03-01,DE,Active
ACC0000559,CUST000417,Business,2024-07-27,CN,Active
ACC0000560,CUST001536,Savings,2025-09-08,CN,Active
ACC0000561,CUST000989,Business,2026-06-16,GB,Active
ACC0000562,CUST001423,Business,2024-02-28,PK,Active
ACC0000563,CUST000771,Business,2025-09-03,CN,Active
ACC0000564,CUST000089,Savings,2023-09-12,GB,Active
ACC0000565,CUST000123,Savings,2024-02-17,DE,Active
ACC0000566,CUST001616,Business,2025-03-05,SA,Active
ACC0000567,CUST000555,Checking,2024-04-22,IN,Active
ACC0000568,CUST001340,Checking,2026-02-16,US,Active
ACC0000569,CUST000795,Business,2026-01-22,AE,Closed
ACC0000570,CUST001357,Business,2026-03-20,FR,Active
ACC0000571,CUST001770,Checking,2026-06-01,PK,Active
ACC0000572,CUST000599,Business,2026-03-07,NL,Active
ACC0000573,CUST000473,Savings,2024-11-17,CN,Active
ACC0000574,CUST001453,Checking,2025-08-30,FR,Active
ACC0000575,CUST000992,Business,2026-03-24,CN,Active
ACC0000576,CUST000180,Checking,2023-10-08,DE,Closed
ACC0000577,CUST001025,Savings,2024-10-16,CN,Active
ACC0000578,CUST001897,Business,2026-04-15,PK,Active
ACC0000579,CUST000081,Checking,2025-01-15,CN,Active
ACC0000580,CUST000624,Savings,2023-08-20,IN,Active
ACC0000581,CUST000805,Business,2025-04-26,GB,Active
ACC0000582,CUST000037,Savings,2025-08-08,FR,Active
ACC0000583,CUST000727,Business,2023-12-12,AE,Active
ACC0000584,CUST000483,Business,2023-09-14,AE,Active
ACC0000585,CUST001662,Checking,2025-03-22,AE,Active
ACC0000586,CUST001799,Savings,2025-11-20,PK,Active
ACC0000587,CUST001933,Business,2025-08-05,AE,Active
ACC0000588,CUST000461,Checking,2025-09-24,FR,Active
ACC0000589,CUST001837,Savings,2024-09-23,GB,Active
ACC0000590,CUST000179,Business,2025-07-26,NL,Active
ACC0000591,CUST001066,Business,2026-02-09,SA,Active
ACC0000592,CUST001787,Business,2026-05-28,DE,Active
ACC0000593,CUST000854,Checking,2024-01-20,SA,Active
ACC0000594,CUST000312,Savings,2025-10-05,AE,Active
ACC0000595,CUST900001,Business,2024-09-09,FR,Active
ACC0000596,CUST000919,Business,2025-11-04,GB,Active
ACC0000597,CUST000423,Business,2024-09-27,GB,Active
ACC0000598,CUST001189,Business,2024-05-12,DE,Active
ACC0000599,CUST001766,Checking,2024-02-09,AE,Active
ACC0000600,CUST001410,Business,2024-01-14,CN,Active
ACC0000601,CUST001862,Checking,2024-03-16,NL,Active
ACC0000602,CUST001861,Checking,2025-08-08,SA,Active
ACC0000603,CUST001878,Checking,2026-02-19,FR,Active
ACC0000604,CUST000138,Business,2025-11-16,CN,Active
ACC0000605,CUST001942,Business,2024-11-24,US,Active
ACC0000606,CUST000377,Savings,2025-08-20,GB,Active
ACC0000607,CUST001489,Checking,2025-02-06,FR,Active
ACC0000608,CUST001802,Savings,2024-06-15,NL,Active
ACC0000609,CUST000621,Savings,2024-03-18,AE,Active
ACC0000610,CUST000311,Checking,2025-08-20,US,Active
ACC0000611,CUST000269,Checking,2025-03-07,PK,Active
ACC0000612,CUST001561,Business,2024-01-26,SA,Active
ACC0000613,CUST000546,Business,2023-09-14,SA,Active
ACC0000614,CUST001254,Checking,2024-04-06,SA,Active
ACC0000615,CUST000475,Checking,2023-09-07,PK,Active
ACC0000616,CUST000735,Checking,2024-01-01,IN,Active
ACC0000617,CUST000274,Business,2026-02-23,SA,Active
ACC0000618,CUST000960,Business,2026-04-11,FR,Active
ACC0000619,CUST000376,Savings,2024-05-11,IN,Active
ACC0000620,CUST000970,Checking,2025-11-16,GB,Active
ACC0000621,CUST000395,Checking,2025-06-11,PK,Active
ACC0000622,CUST000836,Checking,2024-04-18,AE,Active
ACC0000623,CUST001946,Savings,2025-12-21,DE,Active
ACC0000624,CUST001520,Business,2025-02-16,DE,Active
ACC0000625,CUST001551,Checking,2023-07-29,US,Closed
ACC0000626,CUST000362,Savings,2024-08-01,SA,Active
ACC0000627,CUST001003,Business,2025-05-03,FR,Active
ACC0000628,CUST001775,Savings,2024-08-24,DE,Active
ACC0000629,CUST000875,Savings,2023-10-24,PK,Active
ACC0000630,CUST001245,Business,2025-08-18,NL,Active
ACC0000631,CUST001474,Savings,2025-03-04,NL,Active
ACC0000632,CUST001252,Business,2025-09-04,SA,Active
ACC0000633,CUST001216,Business,2024-10-05,CN,Active
ACC0000634,CUST001313,Business,2025-05-09,PK,Active
ACC0000635,CUST001066,Checking,2024-07-08,IN,Active
ACC0000636,CUST000935,Checking,2023-09-27,DE,Closed
ACC0000637,CUST001062,Business,2025-12-13,NL,Active
ACC0000638,CUST001505,Checking,2025-12-22,CN,Closed
ACC0000639,CUST000793,Business,2024-03-17,PK,Active
ACC0000640,CUST000388,Savings,2026-05-21,IN,Active
ACC0000641,CUST000815,Savings,2024-02-01,AE,Active
ACC0000642,CUST000944,Checking,2026-05-28,NL,Active
ACC0000643,CUST000602,Business,2025-02-19,PK,Active
ACC0000644,CUST001413,Business,2026-06-05,GB,Active
ACC0000645,CUST000949,Business,2025-11-03,IN,Active
ACC0000646,CUST000185,Business,2025-11-06,CN,Closed
ACC0000647,CUST000231,Checking,2023-11-18,SA,Active
ACC0000648,CUST001920,Business,2025-09-29,CN,Active
ACC0000649,CUST000277,Savings,2024-09-07,NL,Active
ACC0000650,CUST000662,Savings,2025-06-23,PK,Active
ACC0000651,CUST000366,Savings,2026-02-09,SA,Active
ACC0000652,CUST001836,Business,2025-06-03,DE,Active
ACC0000653,CUST001807,Savings,2025-03-06,US,Active
ACC0000654,CUST000512,Savings,2025-12-14,GB,Active
ACC0000655,CUST001471,Business,2024-03-19,US,Active
ACC0000656,CUST000186,Checking,2024-05-09,IN,Active
ACC0000657,CUST001298,Savings,2025-04-08,US,Active
ACC0000658,CUST001072,Business,2025-12-05,NL,Active
ACC0000659,CUST001488,Business,2025-10-07,SA,Active
ACC0000660,CUST001945,Checking,2024-01-09,NL,Active
ACC0000661,CUST001127,Savings,2024-03-31,PK,Active
ACC0000662,CUST001573,Checking,2025-09-09,FR,Active
ACC0000663,CUST001158,Business,2024-08-23,GB,Active
ACC0000664,CUST000332,Checking,2026-03-15,GB,Active
ACC0000665,CUST001575,Business,2023-11-04,PK,Active
ACC0000666,CUST000859,Savings,2024-02-06,AE,Active
ACC0000667,CUST001495,Savings,2024-02-10,AE,Active
ACC0000668,CUST001282,Checking,2026-02-01,US,Active
ACC0000669,CUST001840,Checking,2024-02-14,DE,Active
ACC0000670,CUST000007,Business,2024-12-31,AE,Active
ACC0000671,CUST900007,Savings,2025-09-12,IN,Active
ACC0000672,CUST001751,Savings,2025-06-17,CN,Active
ACC0000673,CUST001653,Checking,2023-08-19,SA,Active
ACC0000674,CUST001807,Savings,2024-01-17,DE,Active
ACC0000675,CUST000444,Business,2024-02-02,IN,Active
ACC0000676,CUST000929,Savings,2024-09-20,IN,Active
ACC0000677,CUST000162,Business,2025-05-05,SA,Active
ACC0000678,CUST000013,Checking,2023-10-10,CN,Active
ACC0000679,CUST000569,Business,2023-10-12,CN,Active
ACC0000680,CUST001679,Checking,2024-04-14,PK,Active
ACC0000681,CUST000378,Checking,2026-03-23,PK,Active
ACC0000682,CUST001337,Savings,2026-05-27,PK,Active
ACC0000683,CUST000297,Checking,2023-11-11,SA,Active
ACC0000684,CUST001716,Business,2025-02-08,AE,Active
ACC0000685,CUST000678,Checking,2025-09-09,PK,Active
ACC0000686,CUST000223,Savings,2025-12-05,GB,Active
ACC0000687,CUST000330,Business,2025-05-01,AE,Active
ACC0000688,CUST001251,Business,2024-09-02,SA,Active
ACC0000689,CUST001172,Business,2023-08-19,GB,Active
ACC0000690,CUST001978,Savings,2025-12-25,SA,Active
ACC0000691,CUST000737,Checking,2025-10-18,US,Active
ACC0000692,CUST001573,Savings,2025-06-14,FR,Active
ACC0000693,CUST000754,Savings,2023-09-12,US,Active
ACC0000694,CUST001553,Savings,2024-04-17,CN,Closed
ACC0000695,CUST000132,Savings,2023-10-25,IN,Active
ACC0000696,CUST000275,Checking,2023-12-27,AE,Active
ACC0000697,CUST000674,Business,2025-05-26,NL,Active
ACC0000698,CUST001074,Checking,2023-08-11,DE,Active
ACC0000699,CUST001253,Checking,2026-05-23,US,Active
ACC0000700,CUST001170,Business,2026-05-13,CN,Active
ACC0000701,CUST000179,Savings,2023-11-18,SA,Closed
ACC0000702,CUST001912,Business,2025-09-19,AE,Active
ACC0000703,CUST000874,Business,2024-07-22,FR,Active
ACC0000704,CUST000531,Business,2025-08-20,SA,Active
ACC0000705,CUST001276,Savings,2024-02-28,GB,Active
ACC0000706,CUST001258,Business,2024-12-21,IN,Active
ACC0000707,CUST001064,Business,2025-03-18,IN,Active
ACC0000708,CUST001008,Checking,2024-11-12,SA,Active
ACC0000709,CUST000476,Business,2024-01-17,AE,Active
ACC0000710,CUST000396,Checking,2024-07-15,US,Active
ACC0000711,CUST000049,Savings,2024-01-08,US,Active
ACC0000712,CUST001510,Checking,2023-09-25,SA,Active
ACC0000713,CUST000849,Savings,2025-08-03,PK,Active
ACC0000714,CUST000683,Savings,2025-05-26,CN,Active
ACC0000715,CUST001650,Business,2023-12-06,DE,Active
ACC0000716,CUST000023,Business,2025-12-23,DE,Active
ACC0000717,CUST001413,Savings,2023-11-14,AE,Closed
ACC0000718,CUST001618,Checking,2024-06-08,AE,Active
ACC0000719,CUST000614,Business,2025-01-23,CN,Active
ACC0000720,CUST000663,Checking,2026-01-04,US,Active
ACC0000721,CUST001404,Savings,2023-12-26,FR,Active
ACC0000722,CUST000811,Business,2026-03-26,SA,Active
ACC0000723,CUST001261,Checking,2023-08-22,GB,Active
ACC0000724,CUST000397,Savings,2024-10-25,FR,Active
ACC0000725,CUST001888,Business,2024-01-01,IN,Active
ACC0000726,CUST001876,Savings,2025-06-25,PK,Active
ACC0000727,CUST001322,Checking,2024-03-24,IN,Active
ACC0000728,CUST000318,Business,2026-02-19,IN,Active
ACC0000729,CUST001826,Business,2024-09-10,FR,Active
ACC0000730,CUST000947,Savings,2026-02-24,PK,Active
ACC0000731,CUST001710,Business,2025-12-21,AE,Active
ACC0000732,CUST001157,Business,2023-11-24,FR,Active
ACC0000733,CUST001137,Business,2024-01-24,PK,Closed
ACC0000734,CUST000426,Business,2023-11-22,FR,Closed
ACC0000735,CUST001637,Savings,2023-11-13,US,Active
ACC0000736,CUST001985,Checking,2026-05-11,AE,Frozen
ACC0000737,CUST001721,Checking,2024-08-11,FR,Active
ACC0000738,CUST000768,Business,2025-05-14,CN,Closed
ACC0000739,CUST001725,Checking,2023-12-01,SA,Active
ACC0000740,CUST001240,Savings,2026-04-07,GB,Active
ACC0000741,CUST001218,Checking,2026-04-03,AE,Active
ACC0000742,CUST001444,Savings,2026-03-08,PK,Active
ACC0000743,CUST000556,Savings,2025-05-02,US,Active
ACC0000744,CUST001017,Checking,2024-02-02,FR,Active
ACC0000745,CUST000925,Savings,2025-02-12,DE,Active
ACC0000746,CUST001075,Savings,2025-04-27,GB,Active
ACC0000747,CUST000229,Savings,2025-07-21,PK,Active
ACC0000748,CUST001592,Checking,2024-01-04,US,Active
ACC0000749,CUST000908,Business,2025-07-08,PK,Active
ACC0000750,CUST001636,Savings,2024-06-13,CN,Active
ACC0000751,CUST000315,Checking,2025-12-15,FR,Active
ACC0000752,CUST001891,Savings,2024-08-02,CN,Active
ACC0000753,CUST000635,Savings,2023-11-15,GB,Active
ACC0000754,CUST001575,Checking,2026-03-30,CN,Active
ACC0000755,CUST001385,Checking,2025-07-02,DE,Active
ACC0000756,CUST001483,Checking,2026-04-17,IN,Active
ACC0000757,CUST000793,Business,2025-12-08,CN,Active
ACC0000758,CUST000237,Checking,2025-08-24,AE,Active
ACC0000759,CUST001909,Checking,2023-10-17,SA,Active
ACC0000760,CUST001785,Checking,2023-07-30,FR,Active
ACC0000761,CUST000956,Checking,2026-04-17,US,Active
ACC0000762,CUST001066,Business,2024-01-02,AE,Active
ACC0000763,CUST000046,Business,2025-06-26,AE,Active
ACC0000764,CUST001308,Checking,2024-07-03,FR,Active
ACC0000765,CUST000410,Checking,2024-09-16,AE,Closed
ACC0000766,CUST000566,Business,2025-09-03,FR,Active
ACC0000767,CUST001582,Savings,2025-11-11,US,Active
ACC0000768,CUST000558,Checking,2024-12-19,GB,Active
ACC0000769,CUST000560,Checking,2023-10-07,PK,Active
ACC0000770,CUST001962,Business,2025-04-03,CN,Active
ACC0000771,CUST001052,Checking,2026-05-15,DE,Active
ACC0000772,CUST001111,Savings,2024-05-19,CN,Active
ACC0000773,CUST000652,Savings,2023-11-01,GB,Active
ACC0000774,CUST001931,Business,2026-06-22,AE,Active
ACC0000775,CUST001175,Checking,2024-02-06,GB,Active
ACC0000776,CUST000145,Savings,2024-09-10,SA,Active
ACC0000777,CUST001827,Savings,2024-07-02,CN,Active
ACC0000778,CUST000908,Checking,2024-10-21,GB,Active
ACC0000779,CUST000059,Savings,2025-08-05,PK,Active
ACC0000780,CUST000216,Savings,2024-10-11,PK,Active
ACC0000781,CUST000176,Savings,2025-11-19,NL,Active
ACC0000782,CUST000366,Business,2024-07-17,SA,Frozen
ACC0000783,CUST001825,Business,2025-11-29,IN,Active
ACC0000784,CUST001262,Savings,2025-06-24,AE,Active
ACC0000785,CUST000680,Checking,2024-04-15,CN,Active
ACC0000786,CUST000160,Savings,2024-10-16,SA,Closed
ACC0000787,CUST000269,Checking,2025-01-07,IN,Active
ACC0000788,CUST000199,Savings,2025-02-15,AE,Closed
ACC0000789,CUST001401,Business,2025-02-14,IN,Frozen
ACC0000790,CUST000963,Checking,2025-12-19,DE,Active
ACC0000791,CUST000294,Business,2024-09-10,AE,Frozen
ACC0000792,CUST001869,Savings,2025-04-07,NL,Active
ACC0000793,CUST000375,Business,2024-10-19,FR,Active
ACC0000794,CUST001615,Savings,2025-04-04,IN,Active
ACC0000795,CUST000998,Checking,2025-08-05,US,Active
ACC0000796,CUST000973,Checking,2025-10-02,FR,Active
ACC0000797,CUST000980,Savings,2025-08-15,GB,Active
ACC0000798,CUST000578,Savings,2024-04-03,SA,Frozen
ACC0000799,CUST001176,Checking,2023-07-31,CN,Active
ACC0000800,CUST000210,Savings,2026-06-21,US,Active
ACC0000801,CUST000667,Business,2023-08-15,US,Active
ACC0000802,CUST001622,Savings,2025-03-14,CN,Closed
ACC0000803,CUST000944,Savings,2026-05-13,SA,Closed
ACC0000804,CUST000846,Checking,2026-04-04,SA,Active
ACC0000805,CUST000499,Business,2023-09-29,GB,Closed
ACC0000806,CUST001994,Savings,2024-08-03,NL,Active
ACC0000807,CUST000135,Savings,2026-01-17,DE,Active
ACC0000808,CUST001666,Business,2026-02-05,SA,Active
ACC0000809,CUST000882,Savings,2025-12-17,SA,Active
ACC0000810,CUST001612,Savings,2024-06-06,CN,Active
ACC0000811,CUST001421,Checking,2023-12-28,GB,Active
ACC0000812,CUST001357,Business,2026-01-22,US,Active
ACC0000813,CUST001514,Business,2026-05-28,SA,Active
ACC0000814,CUST001713,Savings,2026-03-27,US,Active
ACC0000815,CUST001212,Business,2024-04-11,IN,Active
ACC0000816,CUST000666,Business,2025-12-26,US,Active
ACC0000817,CUST001683,Savings,2023-09-25,GB,Active
ACC0000818,CUST000630,Savings,2023-12-21,US,Active
ACC0000819,CUST001225,Checking,2026-05-18,SA,Active
ACC0000820,CUST001579,Savings,2025-08-16,FR,Closed
ACC0000821,CUST001012,Business,2024-09-02,PK,Active
ACC0000822,CUST000185,Checking,2023-08-25,GB,Active
ACC0000823,CUST001817,Business,2026-05-21,PK,Active
ACC0000824,CUST001550,Checking,2024-08-27,GB,Active
ACC0000825,CUST000927,Business,2025-08-13,AE,Active
ACC0000826,CUST000798,Business,2025-07-03,SA,Active
ACC0000827,CUST000915,Checking,2023-10-14,DE,Active
ACC0000828,CUST001395,Savings,2026-01-05,AE,Active
ACC0000829,CUST001167,Business,2026-02-09,AE,Active
ACC0000830,CUST001881,Savings,2023-08-29,FR,Active
ACC0000831,CUST000182,Business,2024-08-20,PK,Active
ACC0000832,CUST001252,Business,2023-10-20,NL,Active
ACC0000833,CUST001735,Checking,2023-10-18,AE,Active
ACC0000834,CUST000127,Savings,2025-03-25,CN,Active
ACC0000835,CUST001982,Checking,2025-12-11,PK,Active
ACC0000836,CUST001440,Business,2024-01-03,FR,Frozen
ACC0000837,CUST000224,Savings,2024-02-07,PK,Active
ACC0000838,CUST000481,Savings,2025-09-27,SA,Active
ACC0000839,CUST000807,Business,2025-10-02,FR,Active
ACC0000840,CUST001457,Savings,2025-08-10,NL,Active
ACC0000841,CUST000781,Savings,2024-06-11,CN,Active
ACC0000842,CUST000432,Business,2024-10-08,GB,Active
ACC0000843,CUST000972,Checking,2024-07-21,DE,Closed
ACC0000844,CUST001137,Savings,2025-11-06,FR,Active
ACC0000845,CUST001720,Savings,2025-08-07,GB,Active
ACC0000846,CUST000590,Business,2024-05-28,GB,Active
ACC0000847,CUST000275,Checking,2024-01-10,US,Active
ACC0000848,CUST001327,Checking,2026-02-21,GB,Active
ACC0000849,CUST001477,Savings,2023-08-31,NL,Active
ACC0000850,CUST001996,Checking,2025-10-05,US,Active
ACC0000851,CUST000281,Business,2025-01-14,NL,Active
ACC0000852,CUST001761,Savings,2023-08-08,SA,Active
ACC0000853,CUST001905,Savings,2025-12-31,SA,Active
ACC0000854,CUST000368,Savings,2025-07-21,CN,Active
ACC0000855,CUST000868,Business,2026-02-15,IN,Active
ACC0000856,CUST000787,Savings,2025-03-09,DE,Active
ACC0000857,CUST000380,Savings,2025-12-28,SA,Active
ACC0000858,CUST000015,Business,2026-04-02,IN,Active
ACC0000859,CUST001734,Business,2025-01-12,DE,Active
ACC0000860,CUST001458,Business,2025-08-22,AE,Active
ACC0000861,CUST000841,Business,2024-10-21,SA,Active
ACC0000862,CUST000751,Checking,2024-01-11,PK,Closed
ACC0000863,CUST001163,Savings,2026-05-30,FR,Active
ACC0000864,CUST000231,Business,2025-02-02,IN,Active
ACC0000865,CUST001969,Business,2026-06-04,US,Active
ACC0000866,CUST000290,Business,2023-12-08,CN,Active
ACC0000867,CUST001759,Savings,2024-03-09,IN,Active
ACC0000868,CUST001058,Checking,2025-05-17,CN,Active
ACC0000869,CUST001822,Business,2024-03-17,US,Active
ACC0000870,CUST000502,Savings,2024-02-08,US,Active
ACC0000871,CUST001400,Business,2025-09-30,CN,Closed
ACC0000872,CUST001634,Business,2025-03-15,AE,Active
ACC0000873,CUST001255,Checking,2026-01-10,FR,Active
ACC0000874,CUST001095,Checking,2025-12-14,IN,Active
ACC0000875,CUST000929,Business,2024-12-08,IN,Active
ACC0000876,CUST001175,Business,2024-06-25,FR,Active
ACC0000877,CUST000862,Savings,2025-06-11,AE,Active
ACC0000878,CUST000592,Checking,2025-12-25,PK,Active
ACC0000879,CUST001423,Business,2024-01-19,AE,Active
ACC0000880,CUST001488,Business,2025-11-30,AE,Active
ACC0000881,CUST000125,Business,2025-06-16,IN,Active
ACC0000882,CUST001184,Checking,2024-02-20,SA,Active
ACC0000883,CUST000105,Business,2023-11-20,AE,Active
ACC0000884,CUST001656,Business,2023-10-18,SA,Active
ACC0000885,CUST000055,Savings,2025-05-01,IN,Closed
ACC0000886,CUST000168,Checking,2026-01-15,CN,Active
ACC0000887,CUST000157,Savings,2023-08-26,AE,Active
ACC0000888,CUST000271,Business,2024-05-23,AE,Active
ACC0000889,CUST000563,Savings,2025-02-24,PK,Active
ACC0000890,CUST001518,Checking,2023-10-05,SA,Active
ACC0000891,CUST000357,Business,2025-04-24,GB,Active
ACC0000892,CUST001349,Savings,2025-10-11,FR,Active
ACC0000893,CUST001654,Checking,2024-06-21,AE,Active
ACC0000894,CUST001602,Business,2025-03-07,DE,Active
ACC0000895,CUST000993,Checking,2025-06-07,CN,Active
ACC0000896,CUST001765,Checking,2023-08-31,FR,Active
ACC0000897,CUST000172,Checking,2024-05-09,SA,Active
ACC0000898,CUST001912,Checking,2026-06-03,IN,Active
ACC0000899,CUST001541,Savings,2025-03-21,NL,Active
ACC0000900,CUST000487,Business,2025-03-19,IN,Active
ACC0000901,CUST001486,Business,2025-11-16,GB,Active
ACC0000902,CUST000431,Business,2023-09-14,FR,Active
ACC0000903,CUST000111,Business,2024-06-27,AE,Active
ACC0000904,CUST001547,Checking,2026-04-28,PK,Active
ACC0000905,CUST000343,Savings,2023-08-06,NL,Active
ACC0000906,CUST000975,Savings,2024-08-11,IN,Closed
ACC0000907,CUST001528,Business,2024-05-24,DE,Active
ACC0000908,CUST000777,Business,2024-09-24,NL,Active
ACC0000909,CUST000971,Savings,2024-02-20,GB,Active
ACC0000910,CUST001086,Savings,2025-10-06,PK,Active
ACC0000911,CUST000591,Savings,2025-09-08,NL,Active
ACC0000912,CUST001389,Savings,2026-05-31,CN,Active
ACC0000913,CUST001398,Checking,2025-08-15,US,Closed
ACC0000914,CUST001879,Business,2023-11-08,FR,Active
ACC0000915,CUST001958,Savings,2024-10-04,SA,Active
ACC0000916,CUST001880,Business,2025-09-25,AE,Active
ACC0000917,CUST000686,Savings,2023-11-12,AE,Active
ACC0000918,CUST001643,Checking,2025-12-04,AE,Active
ACC0000919,CUST001340,Business,2024-01-04,NL,Active
ACC0000920,CUST000944,Business,2025-04-13,DE,Active
ACC0000921,CUST001503,Business,2024-09-07,SA,Active
ACC0000922,CUST001577,Checking,2025-04-13,CN,Active
ACC0000923,CUST000691,Business,2026-01-21,GB,Active
ACC0000924,CUST000641,Business,2024-06-01,PK,Active
ACC0000925,CUST001377,Checking,2024-01-05,US,Active
ACC0000926,CUST000024,Savings,2024-12-02,US,Active
ACC0000927,CUST001075,Checking,2026-02-25,IN,Frozen
ACC0000928,CUST000719,Checking,2023-11-04,AE,Active
ACC0000929,CUST000515,Checking,2025-08-31,PK,Active
ACC0000930,CUST000048,Business,2026-02-24,US,Active
ACC0000931,CUST000116,Business,2025-12-04,DE,Active
ACC0000932,CUST001946,Business,2025-06-24,US,Active
ACC0000933,CUST001450,Checking,2025-10-24,US,Active
ACC0000934,CUST001753,Business,2024-01-15,GB,Active
ACC0000935,CUST000769,Business,2026-05-20,SA,Active
ACC0000936,CUST001644,Checking,2025-01-28,US,Active
ACC0000937,CUST001424,Checking,2025-09-11,AE,Active
ACC0000938,CUST000603,Savings,2025-06-21,US,Closed
ACC0000939,CUST001308,Savings,2026-04-14,AE,Active
ACC0000940,CUST001575,Savings,2024-07-25,FR,Active
ACC0000941,CUST000527,Checking,2025-11-11,US,Active
ACC0000942,CUST000567,Checking,2024-07-23,NL,Active
ACC0000943,CUST000795,Savings,2024-08-15,PK,Active
ACC0000944,CUST000528,Savings,2026-01-25,GB,Active
ACC0000945,CUST000902,Checking,2024-10-29,IN,Active
ACC0000946,CUST001901,Checking,2026-03-03,SA,Active
ACC0000947,CUST000804,Checking,2025-10-30,IN,Active
ACC0000948,CUST000222,Checking,2024-09-13,CN,Active
ACC0000949,CUST001574,Savings,2024-03-06,DE,Closed
ACC0000950,CUST001257,Business,2025-05-08,US,Active
ACC0000951,CUST001869,Savings,2023-10-15,AE,Active
ACC0000952,CUST000211,Checking,2024-01-06,US,Active
ACC0000953,CUST000144,Business,2025-05-27,AE,Active
ACC0000954,CUST001591,Savings,2025-01-08,PK,Closed
ACC0000955,CUST001836,Savings,2025-12-01,GB,Active
ACC0000956,CUST001337,Business,2023-12-27,PK,Active
ACC0000957,CUST001910,Checking,2026-02-09,NL,Active
ACC0000958,CUST000545,Checking,2025-03-02,FR,Active
ACC0000959,CUST001852,Savings,2026-05-25,SA,Active
ACC0000960,CUST000007,Business,2025-11-07,IN,Active
ACC0000961,CUST000979,Savings,2023-10-28,NL,Active
ACC0000962,CUST001728,Business,2023-11-05,US,Active
ACC0000963,CUST001106,Checking,2024-06-26,PK,Closed
ACC0000964,CUST000787,Business,2026-04-18,IN,Active
ACC0000965,CUST000248,Business,2024-01-16,CN,Active
ACC0000966,CUST001914,Savings,2024-05-21,FR,Active
ACC0000967,CUST001396,Savings,2024-08-18,NL,Active
ACC0000968,CUST000113,Business,2023-10-31,US,Closed
ACC0000969,CUST000748,Business,2024-02-04,FR,Active
ACC0000970,CUST000164,Savings,2025-10-27,AE,Active
ACC0000971,CUST001326,Checking,2024-04-27,GB,Active
ACC0000972,CUST001135,Checking,2024-12-13,NL,Active
ACC0000973,CUST001353,Checking,2024-04-25,AE,Active
ACC0000974,CUST001425,Savings,2026-02-16,US,Active
ACC0000975,CUST001291,Business,2025-06-20,FR,Active
ACC0000976,CUST000996,Checking,2023-12-24,IN,Active
ACC0000977,CUST001505,Checking,2023-12-07,GB,Active
ACC0000978,CUST000073,Checking,2025-03-25,PK,Active
ACC0000979,CUST001474,Business,2023-09-08,DE,Closed
ACC0000980,CUST001001,Savings,2026-01-28,US,Active
ACC0000981,CUST900024,Business,2024-09-27,AE,Active
ACC0000982,CUST001023,Business,2026-01-26,IN,Active
ACC0000983,CUST001979,Checking,2026-03-31,PK,Active
ACC0000984,CUST000694,Checking,2023-12-12,FR,Active
ACC0000985,CUST001613,Business,2024-08-21,PK,Closed
ACC0000986,CUST000830,Checking,2026-01-13,DE,Active
ACC0000987,CUST001652,Business,2026-05-07,CN,Active
ACC0000988,CUST000938,Business,2024-08-29,CN,Active
ACC0000989,CUST000305,Business,2025-07-24,SA,Active
ACC0000990,CUST000477,Checking,2025-01-17,PK,Active
ACC0000991,CUST001506,Checking,2024-05-03,IN,Active
ACC0000992,CUST001339,Checking,2026-02-15,IN,Active
ACC0000993,CUST001857,Business,2025-07-24,PK,Active
ACC0000994,CUST000497,Business,2025-05-19,GB,Active
ACC0000995,CUST000029,Checking,2025-06-13,PK,Active
ACC0000996,CUST001852,Savings,2025-09-24,US,Active
ACC0000997,CUST000934,Business,2024-04-13,GB,Active
ACC0000998,CUST001710,Business,2025-12-19,US,Active
ACC0000999,CUST001674,Checking,2023-08-05,US,Active
ACC0001000,CUST001018,Business,2026-01-22,SA,Active
ACC0001001,CUST000451,Checking,2024-06-01,DE,Active
ACC0001002,CUST000872,Savings,2024-01-12,NL,Active
ACC0001003,CUST000664,Checking,2024-09-25,SA,Active
ACC0001004,CUST001117,Checking,2023-10-13,FR,Active
ACC0001005,CUST001713,Checking,2024-09-13,PK,Active
ACC0001006,CUST001214,Checking,2024-12-01,FR,Active
ACC0001007,CUST000129,Checking,2023-11-04,AE,Active
ACC0001008,CUST000289,Savings,2024-12-05,GB,Active
ACC0001009,CUST001426,Savings,2025-06-11,CN,Active
ACC0001010,CUST000337,Savings,2026-03-13,DE,Active
ACC0001011,CUST900025,Business,2024-12-04,PK,Active
ACC0001012,CUST000273,Checking,2023-10-27,SA,Active
ACC0001013,CUST000770,Checking,2025-09-15,PK,Active
ACC0001014,CUST001801,Savings,2026-04-01,US,Active
ACC0001015,CUST000013,Checking,2026-04-06,GB,Active
ACC0001016,CUST001896,Checking,2025-10-23,SA,Active
ACC0001017,CUST001816,Savings,2024-02-25,NL,Active
ACC0001018,CUST001420,Savings,2024-07-12,GB,Active
ACC0001019,CUST000422,Checking,2024-06-30,AE,Active
ACC0001020,CUST001071,Savings,2026-06-24,NL,Active
ACC0001021,CUST000489,Checking,2024-12-27,SA,Active
ACC0001022,CUST001416,Checking,2025-08-14,SA,Active
ACC0001023,CUST000368,Business,2024-12-16,IN,Active
ACC0001024,CUST001253,Checking,2024-05-19,AE,Active
ACC0001025,CUST000712,Savings,2023-09-06,PK,Active
ACC0001026,CUST001142,Checking,2024-01-10,DE,Closed
ACC0001027,CUST000240,Business,2024-12-09,US,Active
ACC0001028,CUST900013,Savings,2025-06-09,CN,Active
ACC0001029,CUST001039,Checking,2024-07-03,IN,Active
ACC0001030,CUST001577,Business,2023-08-30,DE,Active
ACC0001031,CUST000566,Checking,2025-04-28,DE,Active
ACC0001032,CUST000230,Checking,2024-09-05,IN,Active
ACC0001033,CUST001018,Checking,2026-04-21,GB,Active
ACC0001034,CUST001372,Checking,2024-08-16,PK,Active
ACC0001035,CUST001320,Savings,2024-10-28,AE,Active
ACC0001036,CUST000429,Savings,2024-12-13,AE,Active
ACC0001037,CUST000684,Business,2023-09-23,IN,Frozen
ACC0001038,CUST000088,Checking,2026-02-07,PK,Active
ACC0001039,CUST001894,Business,2026-05-08,GB,Active
ACC0001040,CUST000323,Checking,2025-07-25,IN,Active
ACC0001041,CUST001054,Checking,2024-05-10,US,Closed
ACC0001042,CUST001833,Checking,2025-06-04,IN,Active
ACC0001043,CUST001213,Business,2023-10-25,FR,Active
ACC0001044,CUST000858,Checking,2023-10-09,FR,Active
ACC0001045,CUST000471,Checking,2024-10-01,FR,Active
ACC0001046,CUST000466,Checking,2024-06-10,DE,Active
ACC0001047,CUST001510,Savings,2025-08-25,DE,Active
ACC0001048,CUST000769,Checking,2026-02-10,US,Active
ACC0001049,CUST000964,Business,2025-02-06,IN,Active
ACC0001050,CUST000111,Savings,2025-07-10,GB,Active
ACC0001051,CUST000442,Business,2024-04-29,IN,Active
ACC0001052,CUST000364,Savings,2025-12-29,FR,Active
ACC0001053,CUST000279,Savings,2023-11-03,DE,Active
ACC0001054,CUST001294,Savings,2026-03-15,AE,Active
ACC0001055,CUST000414,Savings,2024-07-26,GB,Closed
ACC0001056,CUST000065,Business,2025-10-07,SA,Active
ACC0001057,CUST000122,Savings,2024-01-19,GB,Active
ACC0001058,CUST000227,Savings,2024-08-03,IN,Active
ACC0001059,CUST000856,Checking,2024-10-16,FR,Closed
ACC0001060,CUST000450,Savings,2024-12-15,SA,Active
ACC0001061,CUST000321,Business,2025-07-31,SA,Active
ACC0001062,CUST001854,Checking,2024-01-15,SA,Active
ACC0001063,CUST001986,Business,2025-08-08,DE,Active
ACC0001064,CUST000177,Savings,2024-08-09,CN,Active
ACC0001065,CUST001001,Checking,2025-08-04,SA,Active
ACC0001066,CUST000969,Savings,2024-09-14,AE,Active
ACC0001067,CUST000029,Business,2023-08-07,NL,Closed
ACC0001068,CUST001507,Checking,2025-11-08,DE,Active
ACC0001069,CUST000670,Savings,2025-04-24,SA,Active
ACC0001070,CUST000455,Business,2023-10-18,GB,Active
ACC0001071,CUST001871,Business,2025-07-09,PK,Active
ACC0001072,CUST000855,Checking,2025-05-15,PK,Active
ACC0001073,CUST000963,Business,2024-07-07,CN,Active
ACC0001074,CUST000068,Savings,2026-06-13,CN,Active
ACC0001075,CUST000807,Savings,2026-04-23,US,Active
ACC0001076,CUST000926,Savings,2025-09-26,DE,Closed
ACC0001077,CUST000170,Business,2025-09-20,PK,Active
ACC0001078,CUST001419,Business,2024-06-29,NL,Active
ACC0001079,CUST001945,Checking,2024-01-04,GB,Closed
ACC0001080,CUST900027,Savings,2024-11-27,DE,Active
ACC0001081,CUST001326,Checking,2024-01-01,PK,Active
ACC0001082,CUST000982,Business,2026-02-03,AE,Active
ACC0001083,CUST000331,Business,2023-11-26,IN,Active
ACC0001084,CUST001757,Business,2026-05-26,SA,Active
ACC0001085,CUST000049,Savings,2024-10-03,IN,Active
ACC0001086,CUST001580,Checking,2025-02-02,NL,Active
ACC0001087,CUST000378,Savings,2023-07-31,IN,Active
ACC0001088,CUST001441,Business,2024-11-19,PK,Active
ACC0001089,CUST001762,Business,2025-12-31,US,Active
ACC0001090,CUST000788,Business,2023-12-09,FR,Active
ACC0001091,CUST001087,Checking,2024-11-17,AE,Closed
ACC0001092,CUST000872,Savings,2026-05-26,SA,Active
ACC0001093,CUST001110,Business,2023-11-08,DE,Active
ACC0001094,CUST001613,Business,2024-03-17,US,Active
ACC0001095,CUST001270,Savings,2026-06-05,PK,Active
ACC0001096,CUST001054,Business,2024-10-17,FR,Closed
ACC0001097,CUST001818,Checking,2025-03-01,US,Active
ACC0001098,CUST000784,Savings,2024-01-21,IN,Active
ACC0001099,CUST001267,Checking,2024-09-02,FR,Active
ACC0001100,CUST000750,Checking,2024-08-02,CN,Active
ACC0001101,CUST001443,Checking,2026-05-08,CN,Active
ACC0001102,CUST001452,Checking,2026-05-28,GB,Active
ACC0001103,CUST000685,Checking,2025-04-02,CN,Active
ACC0001104,CUST000232,Business,2023-08-12,IN,Active
ACC0001105,CUST001510,Business,2025-12-11,DE,Active
ACC0001106,CUST001542,Business,2023-08-14,DE,Active
ACC0001107,CUST000656,Savings,2026-03-09,AE,Active
ACC0001108,CUST001031,Business,2025-01-13,NL,Active
ACC0001109,CUST000567,Checking,2026-02-07,US,Active
ACC0001110,CUST000763,Savings,2025-08-11,IN,Active
ACC0001111,CUST000995,Business,2025-06-18,CN,Active
ACC0001112,CUST001698,Checking,2024-11-25,IN,Active
ACC0001113,CUST001453,Business,2024-10-07,CN,Active
ACC0001114,CUST001842,Savings,2024-08-06,IN,Active
ACC0001115,CUST001271,Savings,2025-02-25,US,Active
ACC0001116,CUST000385,Savings,2025-02-04,US,Active
ACC0001117,CUST000164,Savings,2025-10-20,GB,Active
ACC0001118,CUST000590,Checking,2023-11-25,US,Active
ACC0001119,CUST000337,Savings,2024-01-31,US,Active
ACC0001120,CUST001427,Checking,2024-10-26,IN,Active
ACC0001121,CUST000308,Checking,2024-02-01,CN,Active
ACC0001122,CUST001949,Business,2025-04-22,PK,Active
ACC0001123,CUST000600,Savings,2025-02-25,CN,Active
ACC0001124,CUST001908,Checking,2024-09-06,IN,Active
ACC0001125,CUST000710,Savings,2026-01-13,IN,Active
ACC0001126,CUST001510,Business,2025-07-30,PK,Active
ACC0001127,CUST000597,Checking,2024-11-05,US,Active
ACC0001128,CUST000045,Checking,2024-05-24,CN,Closed
ACC0001129,CUST001320,Savings,2025-05-19,NL,Active
ACC0001130,CUST001185,Savings,2026-04-09,FR,Active
ACC0001131,CUST000995,Business,2026-01-26,CN,Active
ACC0001132,CUST001724,Business,2026-06-23,IN,Closed
ACC0001133,CUST000937,Savings,2025-12-03,SA,Active
ACC0001134,CUST000270,Savings,2023-11-15,GB,Active
ACC0001135,CUST001616,Savings,2025-06-19,DE,Active
ACC0001136,CUST000991,Savings,2025-05-14,AE,Active
ACC0001137,CUST001576,Checking,2024-10-08,GB,Active
ACC0001138,CUST000723,Savings,2025-01-07,IN,Active
ACC0001139,CUST001958,Checking,2025-10-06,SA,Active
ACC0001140,CUST001892,Checking,2026-04-11,CN,Active
ACC0001141,CUST000584,Checking,2023-11-11,GB,Closed
ACC0001142,CUST001718,Business,2024-11-12,GB,Active
ACC0001143,CUST000330,Checking,2025-04-07,US,Active
ACC0001144,CUST000084,Savings,2023-08-31,SA,Active
ACC0001145,CUST000259,Savings,2024-06-01,AE,Active
ACC0001146,CUST000757,Checking,2024-10-18,DE,Active
ACC0001147,CUST001151,Business,2024-03-21,PK,Active
ACC0001148,CUST001363,Savings,2024-11-23,FR,Active
ACC0001149,CUST000302,Savings,2024-09-06,IN,Active
ACC0001150,CUST001105,Checking,2024-02-21,CN,Active
ACC0001151,CUST000617,Checking,2024-12-09,PK,Active
ACC0001152,CUST000828,Savings,2023-12-07,GB,Active
ACC0001153,CUST001941,Savings,2026-05-24,FR,Active
ACC0001154,CUST000319,Checking,2026-03-28,CN,Active
ACC0001155,CUST001998,Business,2024-10-10,FR,Active
ACC0001156,CUST001325,Business,2025-12-18,AE,Closed
ACC0001157,CUST000970,Savings,2025-08-16,SA,Active
ACC0001158,CUST001365,Checking,2025-09-25,SA,Active
ACC0001159,CUST001492,Savings,2023-08-05,FR,Active
ACC0001160,CUST001411,Checking,2024-08-30,IN,Active
ACC0001161,CUST001843,Checking,2024-03-22,GB,Active
ACC0001162,CUST001388,Business,2024-05-25,US,Active
ACC0001163,CUST000630,Checking,2026-02-19,NL,Active
ACC0001164,CUST001264,Checking,2024-05-04,IN,Active
ACC0001165,CUST000731,Checking,2026-01-06,FR,Active
ACC0001166,CUST000112,Business,2025-11-21,DE,Closed
ACC0001167,CUST001194,Business,2024-10-12,DE,Active
ACC0001168,CUST001600,Savings,2024-04-10,DE,Active
ACC0001169,CUST000046,Checking,2026-03-13,CN,Active
ACC0001170,CUST001739,Savings,2024-10-11,US,Active
ACC0001171,CUST001998,Business,2023-08-13,NL,Active
ACC0001172,CUST000398,Savings,2024-01-07,FR,Active
ACC0001173,CUST001235,Business,2024-08-30,CN,Active
ACC0001174,CUST001932,Checking,2025-12-14,FR,Active
ACC0001175,CUST000814,Checking,2025-12-18,NL,Active
ACC0001176,CUST000757,Savings,2025-04-27,FR,Active
ACC0001177,CUST000024,Savings,2024-07-19,FR,Active
ACC0001178,CUST000719,Savings,2026-05-15,IN,Active
ACC0001179,CUST001790,Business,2026-06-20,US,Active
ACC0001180,CUST000441,Business,2024-04-10,IN,Active
ACC0001181,CUST001518,Savings,2026-05-30,IN,Active
ACC0001182,CUST000591,Checking,2024-02-18,NL,Active
ACC0001183,CUST001492,Savings,2025-06-13,GB,Active
ACC0001184,CUST001711,Business,2025-12-27,SA,Active
ACC0001185,CUST000176,Checking,2025-11-28,DE,Active
ACC0001186,CUST000621,Savings,2025-04-03,CN,Active
ACC0001187,CUST000686,Checking,2023-12-12,SA,Active
ACC0001188,CUST001548,Savings,2025-06-05,US,Active
ACC0001189,CUST000013,Savings,2026-06-03,AE,Active
ACC0001190,CUST000848,Checking,2024-01-29,CN,Active
ACC0001191,CUST000946,Business,2026-03-17,SA,Active
ACC0001192,CUST001546,Checking,2025-01-29,DE,Closed
ACC0001193,CUST000380,Savings,2024-11-05,AE,Active
ACC0001194,CUST001134,Savings,2023-11-11,PK,Active
ACC0001195,CUST001685,Savings,2025-11-28,SA,Active
ACC0001196,CUST000622,Savings,2025-01-15,CN,Closed
ACC0001197,CUST001515,Savings,2025-05-31,DE,Active
ACC0001198,CUST000054,Checking,2025-11-10,GB,Active
ACC0001199,CUST000537,Savings,2026-01-11,IN,Active
ACC0001200,CUST000254,Business,2025-05-26,AE,Active
ACC0001201,CUST000854,Checking,2024-04-30,IN,Active
ACC0001202,CUST001857,Business,2025-03-08,DE,Active
ACC0001203,CUST000058,Checking,2026-05-04,AE,Active
ACC0001204,CUST001009,Checking,2024-03-01,SA,Active
ACC0001205,CUST001526,Savings,2023-11-04,SA,Active
ACC0001206,CUST000984,Business,2024-11-05,NL,Active
ACC0001207,CUST001778,Savings,2025-05-28,IN,Active
ACC0001208,CUST001995,Business,2025-04-20,US,Active
ACC0001209,CUST000764,Business,2023-08-26,SA,Active
ACC0001210,CUST000035,Savings,2025-08-20,GB,Active
ACC0001211,CUST001191,Checking,2026-04-04,GB,Active
ACC0001212,CUST000654,Savings,2023-10-19,GB,Active
ACC0001213,CUST000731,Checking,2024-09-07,PK,Active
ACC0001214,CUST000558,Savings,2025-09-26,NL,Active
ACC0001215,CUST001303,Savings,2023-12-14,PK,Active
ACC0001216,CUST000593,Savings,2024-11-22,CN,Active
ACC0001217,CUST001308,Checking,2025-05-31,CN,Active
ACC0001218,CUST000396,Business,2024-08-12,GB,Active
ACC0001219,CUST001566,Checking,2024-04-08,SA,Active
ACC0001220,CUST001541,Checking,2026-03-11,CN,Active
ACC0001221,CUST000660,Savings,2024-06-08,AE,Active
ACC0001222,CUST000555,Business,2025-02-17,FR,Active
ACC0001223,CUST000196,Business,2024-04-14,SA,Active
ACC0001224,CUST000720,Checking,2025-11-05,PK,Active
ACC0001225,CUST000280,Business,2025-11-11,AE,Active
ACC0001226,CUST000763,Savings,2025-10-26,NL,Active
ACC0001227,CUST000696,Checking,2025-06-29,US,Active
ACC0001228,CUST000446,Checking,2024-05-16,CN,Active
ACC0001229,CUST000452,Checking,2026-04-19,CN,Active
ACC0001230,CUST001256,Business,2025-05-26,CN,Active
ACC0001231,CUST001732,Business,2025-06-07,CN,Active
ACC0001232,CUST001438,Checking,2025-04-05,NL,Active
ACC0001233,CUST000943,Checking,2023-11-15,US,Active
ACC0001234,CUST001676,Checking,2024-11-28,PK,Active
ACC0001235,CUST000982,Savings,2025-04-23,AE,Active
ACC0001236,CUST001415,Savings,2023-11-19,GB,Active
ACC0001237,CUST001673,Savings,2024-05-24,SA,Closed
ACC0001238,CUST001071,Savings,2026-03-07,GB,Active
ACC0001239,CUST001453,Savings,2023-11-03,PK,Active
ACC0001240,CUST001524,Checking,2025-01-04,DE,Active
ACC0001241,CUST000263,Business,2024-08-16,GB,Active
ACC0001242,CUST001409,Checking,2026-01-06,AE,Active
ACC0001243,CUST000256,Checking,2024-09-16,GB,Active
ACC0001244,CUST000160,Savings,2025-01-01,US,Active
ACC0001245,CUST000159,Checking,2023-08-20,IN,Active
ACC0001246,CUST001551,Savings,2023-10-14,PK,Active
ACC0001247,CUST000402,Checking,2026-05-15,PK,Active
ACC0001248,CUST001624,Business,2023-10-17,CN,Active
ACC0001249,CUST001214,Checking,2025-07-29,IN,Active
ACC0001250,CUST000243,Savings,2024-08-31,PK,Active
ACC0001251,CUST000135,Savings,2024-06-26,PK,Active
ACC0001252,CUST001545,Checking,2026-03-22,US,Active
ACC0001253,CUST001884,Business,2025-12-05,DE,Active
ACC0001254,CUST001203,Checking,2024-02-04,GB,Active
ACC0001255,CUST001373,Savings,2023-08-07,PK,Active
ACC0001256,CUST000185,Checking,2024-02-03,AE,Active
ACC0001257,CUST001943,Business,2025-03-23,FR,Active
ACC0001258,CUST000721,Checking,2025-05-04,CN,Active
ACC0001259,CUST001599,Business,2023-08-30,SA,Active
ACC0001260,CUST000495,Business,2026-06-02,SA,Active
ACC0001261,CUST000139,Checking,2026-06-21,SA,Active
ACC0001262,CUST001563,Checking,2024-12-24,CN,Active
ACC0001263,CUST000444,Business,2025-05-12,DE,Active
ACC0001264,CUST001974,Savings,2025-03-01,GB,Active
ACC0001265,CUST001846,Business,2024-01-12,PK,Active
ACC0001266,CUST001993,Business,2025-09-25,US,Active
ACC0001267,CUST001892,Checking,2026-04-10,CN,Active
ACC0001268,CUST001743,Business,2024-02-18,IN,Active
ACC0001269,CUST000750,Business,2023-08-28,SA,Active
ACC0001270,CUST000379,Savings,2023-08-21,US,Active
ACC0001271,CUST000370,Savings,2025-01-23,NL,Active
ACC0001272,CUST000868,Checking,2024-01-06,CN,Active
ACC0001273,CUST000466,Savings,2026-02-06,US,Active
ACC0001274,CUST001559,Savings,2023-11-27,US,Active
ACC0001275,CUST000954,Checking,2024-03-15,CN,Active
ACC0001276,CUST000278,Savings,2024-07-11,FR,Active
ACC0001277,CUST001443,Savings,2024-03-18,CN,Active
ACC0001278,CUST001478,Checking,2025-09-10,US,Active
ACC0001279,CUST000671,Savings,2026-04-24,US,Active
ACC0001280,CUST000788,Savings,2024-05-08,IN,Active
ACC0001281,CUST001229,Business,2024-12-22,AE,Active
ACC0001282,CUST001407,Savings,2026-05-09,DE,Active
ACC0001283,CUST001134,Savings,2024-08-02,AE,Active
ACC0001284,CUST001751,Savings,2025-03-06,DE,Active
ACC0001285,CUST001754,Checking,2024-06-05,IN,Active
ACC0001286,CUST001923,Business,2025-09-29,FR,Active
ACC0001287,CUST000367,Checking,2025-01-06,IN,Active
ACC0001288,CUST001376,Checking,2025-01-24,NL,Active
ACC0001289,CUST000897,Business,2024-09-26,US,Active
ACC0001290,CUST900004,Checking,2024-02-18,NL,Active
ACC0001291,CUST900000,Business,2024-01-28,SA,Active
ACC0001292,CUST000208,Business,2025-07-29,GB,Active
ACC0001293,CUST000132,Savings,2026-02-27,DE,Active
ACC0001294,CUST000693,Checking,2024-05-22,SA,Closed
ACC0001295,CUST001728,Savings,2024-09-18,US,Active
ACC0001296,CUST000476,Savings,2025-04-10,IN,Active
ACC0001297,CUST000570,Business,2025-10-22,SA,Active
ACC0001298,CUST001215,Savings,2024-06-24,NL,Active
ACC0001299,CUST000729,Savings,2025-11-20,SA,Active
ACC0001300,CUST001945,Savings,2026-05-09,IN,Active
ACC0001301,CUST001047,Savings,2024-12-29,GB,Frozen
ACC0001302,CUST001572,Savings,2026-02-23,US,Active
ACC0001303,CUST000250,Savings,2024-10-21,IN,Active
ACC0001304,CUST001018,Checking,2025-10-01,GB,Active
ACC0001305,CUST000060,Checking,2025-12-13,PK,Active
ACC0001306,CUST001700,Checking,2025-05-22,IN,Active
ACC0001307,CUST001388,Checking,2025-05-05,GB,Active
ACC0001308,CUST000783,Business,2024-10-27,FR,Active
ACC0001309,CUST000312,Savings,2025-03-23,SA,Active
ACC0001310,CUST001276,Checking,2024-08-29,US,Active
ACC0001311,CUST001353,Business,2025-06-01,IN,Active
ACC0001312,CUST001623,Savings,2023-10-04,DE,Active
ACC0001313,CUST000601,Business,2024-01-22,IN,Active
ACC0001314,CUST001004,Business,2023-09-01,AE,Active
ACC0001315,CUST001110,Savings,2025-01-23,CN,Active
ACC0001316,CUST001119,Checking,2025-04-13,PK,Active
ACC0001317,CUST000881,Checking,2024-06-04,NL,Active
ACC0001318,CUST000921,Savings,2025-12-25,NL,Active
ACC0001319,CUST000906,Savings,2025-06-14,PK,Active
ACC0001320,CUST000067,Checking,2026-05-21,CN,Active
ACC0001321,CUST001350,Savings,2024-08-06,GB,Active
ACC0001322,CUST001006,Savings,2023-08-28,GB,Active
ACC0001323,CUST000639,Business,2024-02-04,NL,Active
ACC0001324,CUST000998,Checking,2024-07-05,SA,Active
ACC0001325,CUST001382,Savings,2025-11-17,CN,Active
ACC0001326,CUST001403,Business,2024-08-12,SA,Active
ACC0001327,CUST000962,Savings,2023-10-13,CN,Active
ACC0001328,CUST001749,Checking,2025-06-27,CN,Active
ACC0001329,CUST000114,Savings,2024-08-27,AE,Active
ACC0001330,CUST001013,Business,2025-11-04,NL,Active
ACC0001331,CUST001263,Business,2023-12-05,FR,Active
ACC0001332,CUST001569,Savings,2024-07-01,FR,Active
ACC0001333,CUST000125,Checking,2023-08-08,SA,Active
ACC0001334,CUST000092,Checking,2024-07-12,FR,Active
ACC0001335,CUST000714,Business,2024-12-05,SA,Active
ACC0001336,CUST000055,Business,2025-11-21,FR,Active
ACC0001337,CUST000779,Checking,2026-03-12,NL,Active
ACC0001338,CUST000706,Savings,2025-03-17,NL,Active
ACC0001339,CUST000719,Checking,2024-09-11,DE,Active
ACC0001340,CUST000507,Checking,2025-04-29,AE,Active
ACC0001341,CUST001213,Checking,2025-02-09,US,Active
ACC0001342,CUST001779,Savings,2023-11-14,US,Active
ACC0001343,CUST000691,Checking,2024-05-19,PK,Active
ACC0001344,CUST001102,Savings,2025-05-06,PK,Active
ACC0001345,CUST000943,Business,2026-02-23,NL,Active
ACC0001346,CUST001163,Business,2026-01-29,NL,Active
ACC0001347,CUST000546,Checking,2023-10-15,IN,Active
ACC0001348,CUST001204,Checking,2026-03-05,FR,Active
ACC0001349,CUST000773,Business,2024-10-19,NL,Active
ACC0001350,CUST000660,Business,2025-10-11,US,Active
ACC0001351,CUST001655,Savings,2024-06-30,US,Active
ACC0001352,CUST001414,Business,2024-07-03,DE,Active
ACC0001353,CUST000688,Savings,2024-02-23,CN,Active
ACC0001354,CUST001661,Business,2025-11-29,FR,Active
ACC0001355,CUST000341,Business,2025-01-09,AE,Active
ACC0001356,CUST000744,Savings,2026-06-17,DE,Active
ACC0001357,CUST001017,Business,2024-10-19,US,Active
ACC0001358,CUST001721,Business,2023-12-07,DE,Active
ACC0001359,CUST000588,Savings,2024-01-26,PK,Active
ACC0001360,CUST000608,Business,2024-07-10,NL,Active
ACC0001361,CUST001647,Checking,2024-09-08,SA,Active
ACC0001362,CUST001521,Checking,2025-04-02,SA,Active
ACC0001363,CUST000194,Business,2024-05-26,FR,Active
ACC0001364,CUST000559,Checking,2025-06-13,SA,Closed
ACC0001365,CUST001640,Business,2026-01-25,IN,Active
ACC0001366,CUST000874,Checking,2026-06-15,FR,Active
ACC0001367,CUST001629,Checking,2026-03-25,AE,Active
ACC0001368,CUST001033,Savings,2024-05-26,NL,Active
ACC0001369,CUST001358,Business,2026-01-10,FR,Active
ACC0001370,CUST000409,Savings,2024-09-29,NL,Active
ACC0001371,CUST000514,Business,2026-03-08,CN,Active
ACC0001372,CUST000928,Business,2026-04-01,CN,Active
ACC0001373,CUST000369,Checking,2023-09-07,CN,Active
ACC0001374,CUST001766,Checking,2025-06-14,SA,Active
ACC0001375,CUST001022,Checking,2023-10-10,IN,Active
ACC0001376,CUST000548,Business,2023-11-06,CN,Active
ACC0001377,CUST001656,Business,2025-11-29,NL,Active
ACC0001378,CUST001914,Business,2025-09-05,PK,Active
ACC0001379,CUST001069,Checking,2024-05-15,FR,Active
ACC0001380,CUST000947,Checking,2025-10-08,DE,Active
ACC0001381,CUST000308,Business,2024-09-26,AE,Active
ACC0001382,CUST001728,Savings,2025-03-12,NL,Active
ACC0001383,CUST000652,Checking,2024-06-25,DE,Active
ACC0001384,CUST001732,Savings,2025-05-10,AE,Active
ACC0001385,CUST001686,Savings,2024-09-19,GB,Active
ACC0001386,CUST000525,Business,2025-08-08,SA,Active
ACC0001387,CUST000483,Savings,2024-11-23,DE,Active
ACC0001388,CUST000232,Checking,2026-01-17,DE,Active
ACC0001389,CUST000056,Checking,2026-05-23,AE,Active
ACC0001390,CUST000950,Savings,2023-12-04,CN,Active
ACC0001391,CUST000893,Savings,2024-08-29,PK,Active
ACC0001392,CUST000413,Checking,2025-05-16,AE,Active
ACC0001393,CUST000279,Checking,2023-08-28,AE,Active
ACC0001394,CUST001617,Savings,2023-09-16,CN,Active
ACC0001395,CUST900012,Business,2023-08-08,PK,Frozen
ACC0001396,CUST001973,Business,2023-11-17,IN,Active
ACC0001397,CUST001602,Checking,2024-07-06,PK,Active
ACC0001398,CUST001760,Checking,2025-07-29,FR,Active
ACC0001399,CUST900005,Savings,2024-11-03,US,Active
ACC0001400,CUST001844,Savings,2024-01-25,FR,Active
ACC0001401,CUST001375,Business,2024-02-16,US,Active
ACC0001402,CUST000812,Business,2026-03-15,GB,Frozen
ACC0001403,CUST000483,Checking,2024-08-24,SA,Active
ACC0001404,CUST001504,Business,2026-03-16,US,Active
ACC0001405,CUST001068,Business,2026-06-16,SA,Active
ACC0001406,CUST001944,Business,2026-04-18,AE,Active
ACC0001407,CUST001016,Checking,2026-02-07,DE,Frozen
ACC0001408,CUST001228,Checking,2024-04-29,FR,Active
ACC0001409,CUST000674,Business,2025-11-10,NL,Active
ACC0001410,CUST001650,Business,2023-11-23,DE,Active
ACC0001411,CUST001915,Savings,2026-05-02,DE,Active
ACC0001412,CUST000295,Checking,2023-10-15,GB,Active
ACC0001413,CUST000438,Savings,2024-07-13,IN,Active
ACC0001414,CUST000836,Savings,2025-05-11,SA,Active
ACC0001415,CUST000114,Savings,2025-12-10,CN,Active
ACC0001416,CUST000767,Business,2024-05-10,US,Active
ACC0001417,CUST000648,Business,2024-01-25,NL,Active
ACC0001418,CUST000972,Business,2023-12-21,DE,Active
ACC0001419,CUST001972,Savings,2024-11-30,GB,Active
ACC0001420,CUST000743,Savings,2023-12-09,FR,Active
ACC0001421,CUST001682,Savings,2026-01-31,PK,Active
ACC0001422,CUST001321,Business,2025-10-07,PK,Active
ACC0001423,CUST001723,Business,2026-02-28,PK,Active
ACC0001424,CUST001414,Business,2026-05-22,DE,Active
ACC0001425,CUST000518,Business,2024-10-10,NL,Active
ACC0001426,CUST000633,Business,2024-11-15,FR,Active
ACC0001427,CUST001849,Business,2023-12-05,US,Active
ACC0001428,CUST001095,Checking,2025-02-09,IN,Active
ACC0001429,CUST000795,Checking,2025-04-04,NL,Active
ACC0001430,CUST001899,Savings,2025-07-01,AE,Active
ACC0001431,CUST000184,Checking,2026-06-02,AE,Frozen
ACC0001432,CUST000430,Checking,2024-07-05,IN,Active
ACC0001433,CUST001293,Savings,2025-09-14,NL,Active
ACC0001434,CUST001616,Checking,2024-03-24,AE,Active
ACC0001435,CUST900010,Checking,2024-05-04,IN,Active
ACC0001436,CUST000964,Business,2024-06-07,NL,Active
ACC0001437,CUST001897,Savings,2023-10-24,NL,Active
ACC0001438,CUST001795,Checking,2025-03-14,GB,Closed
ACC0001439,CUST001430,Savings,2026-02-12,CN,Closed
ACC0001440,CUST000135,Savings,2025-06-30,NL,Active
ACC0001441,CUST001233,Business,2025-09-18,CN,Active
ACC0001442,CUST001510,Savings,2024-03-03,IN,Active
ACC0001443,CUST001423,Checking,2023-10-19,PK,Frozen
ACC0001444,CUST001313,Business,2026-05-28,GB,Frozen
ACC0001445,CUST001290,Savings,2023-09-30,GB,Active
ACC0001446,CUST000006,Savings,2023-08-10,DE,Active
ACC0001447,CUST001286,Savings,2024-03-14,FR,Active
ACC0001448,CUST001179,Checking,2025-12-16,US,Active
ACC0001449,CUST000323,Checking,2024-02-13,CN,Active
ACC0001450,CUST001461,Business,2023-11-16,GB,Active
ACC0001451,CUST001734,Business,2024-03-06,NL,Active
ACC0001452,CUST001623,Savings,2025-04-17,IN,Active
ACC0001453,CUST000979,Business,2025-02-09,GB,Active
ACC0001454,CUST000533,Checking,2026-01-28,SA,Closed
ACC0001455,CUST001693,Savings,2025-10-15,AE,Active
ACC0001456,CUST000406,Checking,2024-06-24,NL,Active
ACC0001457,CUST000752,Checking,2024-11-22,NL,Active
ACC0001458,CUST001794,Savings,2024-01-08,SA,Active
ACC0001459,CUST000459,Checking,2025-01-15,PK,Active
ACC0001460,CUST001890,Business,2026-03-28,SA,Active
ACC0001461,CUST001283,Checking,2024-03-17,US,Active
ACC0001462,CUST001995,Savings,2024-08-18,DE,Active
ACC0001463,CUST000536,Business,2026-06-01,GB,Active
ACC0001464,CUST000101,Savings,2026-02-07,SA,Active
ACC0001465,CUST000878,Business,2025-01-25,AE,Active
ACC0001466,CUST000305,Checking,2025-11-05,FR,Active
ACC0001467,CUST000348,Business,2024-02-13,US,Active
ACC0001468,CUST000028,Business,2024-05-19,CN,Active
ACC0001469,CUST000891,Savings,2024-01-19,IN,Active
ACC0001470,CUST000242,Checking,2024-06-19,DE,Active
ACC0001471,CUST000390,Savings,2026-02-09,AE,Active
ACC0001472,CUST001528,Savings,2025-06-18,NL,Active
ACC0001473,CUST000266,Savings,2024-01-01,DE,Active
ACC0001474,CUST001228,Checking,2026-02-16,AE,Active
ACC0001475,CUST001488,Business,2025-09-29,DE,Active
ACC0001476,CUST000856,Checking,2024-04-09,NL,Closed
ACC0001477,CUST001622,Checking,2026-03-07,PK,Active
ACC0001478,CUST000594,Savings,2024-02-12,DE,Active
ACC0001479,CUST001265,Savings,2023-08-27,DE,Active
ACC0001480,CUST000757,Business,2025-07-02,IN,Active
ACC0001481,CUST000175,Checking,2024-11-21,IN,Active
ACC0001482,CUST000272,Savings,2024-05-06,NL,Active
ACC0001483,CUST001406,Checking,2026-04-11,NL,Closed
ACC0001484,CUST001450,Savings,2023-10-25,SA,Active
ACC0001485,CUST000524,Checking,2024-10-29,US,Active
ACC0001486,CUST001140,Checking,2024-01-04,PK,Active
ACC0001487,CUST000681,Checking,2025-01-13,IN,Active
ACC0001488,CUST001860,Savings,2025-01-19,SA,Active
ACC0001489,CUST001923,Business,2023-09-22,SA,Active
ACC0001490,CUST001453,Business,2024-05-13,PK,Active
ACC0001491,CUST000010,Savings,2023-11-09,CN,Active
ACC0001492,CUST001269,Savings,2025-06-18,AE,Active
ACC0001493,CUST000808,Business,2025-09-15,FR,Active
ACC0001494,CUST000270,Business,2024-10-20,PK,Active
ACC0001495,CUST001188,Checking,2024-06-05,AE,Active
ACC0001496,CUST000347,Business,2024-09-29,IN,Active
ACC0001497,CUST001905,Savings,2025-04-21,IN,Active
ACC0001498,CUST000270,Checking,2025-02-11,FR,Active
ACC0001499,CUST001454,Business,2025-01-04,NL,Active
ACC0001500,CUST000290,Savings,2024-11-01,US,Active
ACC0001501,CUST000641,Checking,2025-07-23,GB,Active
ACC0001502,CUST001022,Savings,2025-06-16,FR,Frozen
ACC0001503,CUST001896,Savings,2026-05-15,AE,Active
ACC0001504,CUST001848,Savings,2024-03-18,SA,Active
ACC0001505,CUST001698,Savings,2023-09-22,CN,Active
ACC0001506,CUST000641,Savings,2023-09-04,GB,Closed
ACC0001507,CUST000646,Business,2024-05-06,IN,Active
ACC0001508,CUST001564,Checking,2023-10-06,CN,Active
ACC0001509,CUST001747,Business,2023-11-12,IN,Active
ACC0001510,CUST000108,Checking,2024-03-25,GB,Active
ACC0001511,CUST000111,Checking,2025-05-19,GB,Active
ACC0001512,CUST000073,Savings,2025-08-29,AE,Closed
ACC0001513,CUST000334,Business,2024-09-17,IN,Active
ACC0001514,CUST000893,Checking,2023-11-12,IN,Active
ACC0001515,CUST000083,Savings,2025-09-17,FR,Closed
ACC0001516,CUST001452,Business,2026-02-19,IN,Active
ACC0001517,CUST000937,Savings,2024-05-08,US,Active
ACC0001518,CUST001732,Business,2024-03-03,GB,Active
ACC0001519,CUST000253,Savings,2025-11-11,US,Active
ACC0001520,CUST000417,Savings,2024-08-01,GB,Active
ACC0001521,CUST001709,Checking,2024-05-30,CN,Active
ACC0001522,CUST001684,Savings,2025-04-23,SA,Active
ACC0001523,CUST001824,Business,2025-09-17,SA,Active
ACC0001524,CUST000434,Business,2023-11-05,PK,Active
ACC0001525,CUST001077,Business,2025-01-14,GB,Active
ACC0001526,CUST000852,Checking,2025-08-12,DE,Closed
ACC0001527,CUST001573,Savings,2024-12-17,US,Active
ACC0001528,CUST001817,Savings,2024-06-17,PK,Closed
ACC0001529,CUST000582,Business,2026-03-20,US,Active
ACC0001530,CUST000807,Savings,2024-04-07,SA,Active
ACC0001531,CUST001902,Checking,2024-06-27,FR,Active
ACC0001532,CUST000314,Checking,2023-10-10,US,Active
ACC0001533,CUST000942,Business,2024-02-12,IN,Active
ACC0001534,CUST000929,Business,2026-03-13,AE,Active
ACC0001535,CUST001216,Business,2023-12-26,PK,Active
ACC0001536,CUST000674,Checking,2023-08-10,SA,Active
ACC0001537,CUST001947,Savings,2024-12-14,FR,Active
ACC0001538,CUST001940,Business,2024-07-18,SA,Active
ACC0001539,CUST000264,Checking,2024-02-02,PK,Active
ACC0001540,CUST001641,Business,2024-05-04,AE,Active
ACC0001541,CUST000661,Checking,2023-10-18,US,Active
ACC0001542,CUST001120,Business,2025-07-21,NL,Active
ACC0001543,CUST000189,Savings,2026-01-22,AE,Active
ACC0001544,CUST000364,Checking,2025-04-21,NL,Active
ACC0001545,CUST000182,Checking,2026-05-26,DE,Active
ACC0001546,CUST000333,Savings,2025-04-09,NL,Active
ACC0001547,CUST000583,Business,2024-12-29,GB,Active
ACC0001548,CUST000246,Savings,2024-04-16,IN,Active
ACC0001549,CUST001640,Savings,2023-11-21,AE,Active
ACC0001550,CUST001850,Business,2025-12-16,SA,Active
ACC0001551,CUST000268,Savings,2025-03-23,US,Active
ACC0001552,CUST001704,Savings,2026-06-17,CN,Active
ACC0001553,CUST000409,Savings,2026-01-03,IN,Active
ACC0001554,CUST001813,Savings,2025-02-06,IN,Active
ACC0001555,CUST000549,Business,2024-01-22,SA,Active
ACC0001556,CUST000866,Checking,2023-12-31,NL,Active
ACC0001557,CUST001660,Savings,2023-11-05,SA,Active
ACC0001558,CUST000381,Savings,2024-06-16,NL,Active
ACC0001559,CUST000190,Checking,2025-09-19,CN,Active
ACC0001560,CUST000699,Savings,2024-11-21,DE,Active
ACC0001561,CUST001326,Business,2025-09-18,GB,Active
ACC0001562,CUST001906,Savings,2026-06-17,CN,Active
ACC0001563,CUST001289,Business,2024-04-27,CN,Active
ACC0001564,CUST000171,Savings,2024-12-27,IN,Active
ACC0001565,CUST000895,Checking,2024-08-19,IN,Active
ACC0001566,CUST000615,Checking,2023-08-11,GB,Active
ACC0001567,CUST001401,Savings,2024-08-06,DE,Active
ACC0001568,CUST001071,Savings,2025-08-23,AE,Active
ACC0001569,CUST001164,Checking,2026-03-04,CN,Active
ACC0001570,CUST000156,Checking,2025-10-30,CN,Active
ACC0001571,CUST000220,Business,2026-01-26,NL,Active
ACC0001572,CUST000845,Checking,2026-03-15,IN,Active
ACC0001573,CUST001353,Business,2025-04-23,SA,Frozen
ACC0001574,CUST001664,Savings,2023-11-25,FR,Active
ACC0001575,CUST000521,Business,2025-07-28,US,Active
ACC0001576,CUST001574,Business,2025-09-11,PK,Active
ACC0001577,CUST000233,Business,2023-08-19,IN,Active
ACC0001578,CUST000367,Checking,2026-06-05,NL,Active
ACC0001579,CUST000092,Checking,2026-01-25,NL,Active
ACC0001580,CUST001795,Business,2025-06-29,AE,Active
ACC0001581,CUST000642,Business,2023-12-25,IN,Active
ACC0001582,CUST001551,Business,2025-01-08,IN,Active
ACC0001583,CUST001277,Savings,2024-04-13,FR,Active
ACC0001584,CUST001979,Checking,2025-09-24,DE,Active
ACC0001585,CUST000379,Checking,2026-05-30,SA,Active
ACC0001586,CUST000531,Business,2024-08-14,US,Active
ACC0001587,CUST000888,Business,2025-09-28,PK,Active
ACC0001588,CUST000011,Savings,2024-02-19,US,Active
ACC0001589,CUST000027,Checking,2026-05-10,IN,Active
ACC0001590,CUST000942,Business,2025-06-07,NL,Closed
ACC0001591,CUST001779,Business,2026-05-22,SA,Active
ACC0001592,CUST001486,Savings,2026-02-17,AE,Active
ACC0001593,CUST001266,Business,2025-07-20,FR,Active
ACC0001594,CUST001414,Business,2026-03-12,NL,Active
ACC0001595,CUST001647,Savings,2024-11-17,US,Active
ACC0001596,CUST000256,Checking,2026-05-14,PK,Active
ACC0001597,CUST000390,Checking,2025-02-08,PK,Active
ACC0001598,CUST001425,Checking,2024-05-05,PK,Active
ACC0001599,CUST000428,Savings,2025-07-20,GB,Active
ACC0001600,CUST001330,Checking,2026-02-28,NL,Active
ACC0001601,CUST001724,Business,2024-09-16,CN,Active
ACC0001602,CUST000390,Checking,2024-10-14,AE,Active
ACC0001603,CUST001576,Savings,2026-06-21,GB,Active
ACC0001604,CUST000970,Savings,2024-06-21,PK,Active
ACC0001605,CUST000238,Checking,2023-09-09,GB,Active
ACC0001606,CUST001513,Business,2025-02-01,IN,Active
ACC0001607,CUST001973,Savings,2024-07-27,IN,Active
ACC0001608,CUST000040,Savings,2025-05-10,SA,Closed
ACC0001609,CUST000496,Checking,2024-11-01,AE,Closed
ACC0001610,CUST001166,Savings,2024-11-24,PK,Active
ACC0001611,CUST000683,Checking,2026-05-25,US,Active
ACC0001612,CUST001291,Business,2025-11-18,NL,Active
ACC0001613,CUST000851,Savings,2024-05-30,SA,Active
ACC0001614,CUST001220,Business,2026-05-26,CN,Active
ACC0001615,CUST000595,Checking,2025-01-09,IN,Active
ACC0001616,CUST000818,Savings,2025-07-27,CN,Active
ACC0001617,CUST001210,Business,2024-12-06,SA,Active
ACC0001618,CUST001915,Business,2024-01-04,IN,Active
ACC0001619,CUST000474,Business,2026-05-23,PK,Active
ACC0001620,CUST001081,Checking,2025-05-22,NL,Active
ACC0001621,CUST001180,Savings,2025-07-05,CN,Active
ACC0001622,CUST000130,Savings,2024-06-15,NL,Active
ACC0001623,CUST001820,Savings,2024-05-30,US,Active
ACC0001624,CUST001013,Business,2025-11-26,FR,Active
ACC0001625,CUST000918,Business,2023-08-13,NL,Active
ACC0001626,CUST000042,Checking,2023-09-09,AE,Active
ACC0001627,CUST001487,Checking,2024-05-24,IN,Active
ACC0001628,CUST000704,Savings,2025-04-20,DE,Active
ACC0001629,CUST001039,Checking,2023-09-22,SA,Active
ACC0001630,CUST001861,Business,2024-06-18,FR,Active
ACC0001631,CUST001887,Business,2024-10-28,IN,Active
ACC0001632,CUST000268,Savings,2025-06-30,NL,Active
ACC0001633,CUST001965,Savings,2023-07-28,FR,Active
ACC0001634,CUST001630,Savings,2024-04-21,GB,Active
ACC0001635,CUST001273,Checking,2024-08-04,AE,Active
ACC0001636,CUST001414,Business,2024-05-24,US,Closed
ACC0001637,CUST001366,Savings,2026-01-28,GB,Active
ACC0001638,CUST000354,Checking,2025-07-06,GB,Active
ACC0001639,CUST001240,Savings,2025-10-24,US,Active
ACC0001640,CUST001625,Savings,2024-01-09,IN,Active
ACC0001641,CUST000621,Checking,2023-10-27,DE,Active
ACC0001642,CUST001140,Checking,2024-05-11,PK,Active
ACC0001643,CUST000734,Savings,2026-06-23,FR,Active
ACC0001644,CUST001386,Checking,2024-02-22,GB,Active
ACC0001645,CUST001695,Business,2025-04-11,PK,Active
ACC0001646,CUST001652,Checking,2023-10-22,FR,Active
ACC0001647,CUST000881,Checking,2024-03-17,SA,Active
ACC0001648,CUST000464,Checking,2024-12-13,CN,Active
ACC0001649,CUST000458,Savings,2024-08-09,AE,Frozen
ACC0001650,CUST000696,Savings,2025-12-09,PK,Active
ACC0001651,CUST001577,Business,2025-06-06,AE,Active
ACC0001652,CUST001835,Checking,2024-10-20,CN,Active
ACC0001653,CUST001237,Business,2026-05-23,US,Active
ACC0001654,CUST001446,Checking,2023-11-09,IN,Active
ACC0001655,CUST001636,Savings,2024-05-01,US,Active
ACC0001656,CUST001996,Checking,2024-06-13,SA,Active
ACC0001657,CUST001248,Checking,2024-06-23,CN,Active
ACC0001658,CUST000085,Business,2025-03-20,US,Active
ACC0001659,CUST000342,Business,2025-07-20,US,Active
ACC0001660,CUST001783,Checking,2024-07-05,FR,Active
ACC0001661,CUST000321,Business,2025-04-04,AE,Active
ACC0001662,CUST001450,Savings,2025-07-25,CN,Active
ACC0001663,CUST001020,Business,2024-02-25,US,Active
ACC0001664,CUST000315,Business,2023-12-19,FR,Active
ACC0001665,CUST000685,Checking,2025-03-09,US,Active
ACC0001666,CUST001737,Checking,2024-06-12,IN,Active
ACC0001667,CUST001985,Savings,2023-10-27,PK,Active
ACC0001668,CUST000502,Savings,2025-03-23,FR,Active
ACC0001669,CUST000587,Business,2025-05-27,GB,Active
ACC0001670,CUST000174,Savings,2025-02-28,FR,Active
ACC0001671,CUST001464,Savings,2024-08-31,FR,Active
ACC0001672,CUST001289,Business,2026-02-15,DE,Active
ACC0001673,CUST000310,Business,2024-11-04,NL,Active
ACC0001674,CUST001612,Checking,2023-12-22,GB,Active
ACC0001675,CUST001642,Savings,2024-11-10,NL,Active
ACC0001676,CUST001880,Savings,2024-06-25,IN,Active
ACC0001677,CUST001949,Business,2026-04-19,FR,Active
ACC0001678,CUST001932,Checking,2025-08-25,IN,Active
ACC0001679,CUST000298,Checking,2024-12-08,CN,Active
ACC0001680,CUST001932,Checking,2024-10-25,US,Active
ACC0001681,CUST000692,Savings,2024-10-18,NL,Active
ACC0001682,CUST001581,Checking,2024-10-07,NL,Active
ACC0001683,CUST000125,Savings,2023-08-26,PK,Active
ACC0001684,CUST001352,Business,2025-03-14,GB,Active
ACC0001685,CUST001848,Business,2026-05-13,PK,Active
ACC0001686,CUST001293,Business,2024-10-18,CN,Closed
ACC0001687,CUST001992,Savings,2025-10-10,NL,Active
ACC0001688,CUST000823,Business,2025-05-13,CN,Active
ACC0001689,CUST001789,Savings,2024-06-14,FR,Active
ACC0001690,CUST001862,Savings,2024-04-11,PK,Active
ACC0001691,CUST001693,Savings,2025-01-24,CN,Active
ACC0001692,CUST001250,Checking,2023-12-10,NL,Active
ACC0001693,CUST000913,Business,2025-02-26,DE,Active
ACC0001694,CUST001817,Business,2025-03-21,SA,Active
ACC0001695,CUST001614,Business,2024-06-04,IN,Active
ACC0001696,CUST001428,Savings,2025-10-10,NL,Closed
ACC0001697,CUST001588,Checking,2024-09-18,AE,Active
ACC0001698,CUST000172,Checking,2024-09-29,CN,Closed
ACC0001699,CUST000685,Savings,2023-08-03,GB,Active
ACC0001700,CUST001065,Business,2025-12-04,AE,Active
ACC0001701,CUST000437,Checking,2026-02-14,CN,Active
ACC0001702,CUST001130,Savings,2024-11-29,CN,Active
ACC0001703,CUST000697,Business,2023-09-23,GB,Active
ACC0001704,CUST000047,Checking,2023-09-24,CN,Closed
ACC0001705,CUST001213,Savings,2025-12-28,DE,Active
ACC0001706,CUST001704,Savings,2025-06-19,NL,Active
ACC0001707,CUST001034,Checking,2024-07-17,PK,Active
ACC0001708,CUST001723,Savings,2023-11-08,AE,Active
ACC0001709,CUST001284,Business,2024-06-01,FR,Closed
ACC0001710,CUST000253,Checking,2024-12-22,US,Active
ACC0001711,CUST000919,Savings,2024-07-15,SA,Active
ACC0001712,CUST001509,Checking,2023-09-30,IN,Active
ACC0001713,CUST000694,Checking,2025-09-24,SA,Active
ACC0001714,CUST001158,Business,2025-07-15,CN,Frozen
ACC0001715,CUST001729,Business,2025-09-23,DE,Active
ACC0001716,CUST000717,Savings,2023-09-22,AE,Active
ACC0001717,CUST001365,Business,2024-03-02,SA,Active
ACC0001718,CUST001377,Checking,2023-12-28,NL,Active
ACC0001719,CUST001064,Business,2025-09-24,DE,Active
ACC0001720,CUST000215,Savings,2025-01-05,CN,Active
ACC0001721,CUST001192,Checking,2024-03-22,FR,Active
ACC0001722,CUST000930,Checking,2025-07-17,GB,Closed
ACC0001723,CUST001457,Savings,2026-01-21,NL,Active
ACC0001724,CUST000167,Checking,2024-06-12,PK,Active
ACC0001725,CUST000870,Checking,2024-06-23,IN,Closed
ACC0001726,CUST000439,Savings,2026-06-16,US,Active
ACC0001727,CUST000756,Business,2023-08-03,CN,Active
ACC0001728,CUST000824,Business,2024-12-25,CN,Active
ACC0001729,CUST001062,Savings,2025-07-30,AE,Active
ACC0001730,CUST001196,Savings,2023-11-27,NL,Active
ACC0001731,CUST000901,Business,2023-07-28,IN,Closed
ACC0001732,CUST001498,Savings,2025-05-01,GB,Active
ACC0001733,CUST000295,Business,2023-12-04,GB,Active
ACC0001734,CUST000992,Business,2023-11-08,IN,Active
ACC0001735,CUST000264,Business,2024-03-01,CN,Active
ACC0001736,CUST001767,Business,2024-12-14,US,Active
ACC0001737,CUST001422,Checking,2025-12-31,IN,Active
ACC0001738,CUST000969,Checking,2024-11-12,GB,Active
ACC0001739,CUST001933,Business,2023-09-25,FR,Active
ACC0001740,CUST001887,Checking,2023-12-04,SA,Active
ACC0001741,CUST001745,Savings,2024-10-01,US,Active
ACC0001742,CUST000247,Savings,2026-06-09,SA,Active
ACC0001743,CUST000593,Checking,2025-12-18,CN,Active
ACC0001744,CUST000313,Checking,2026-01-10,FR,Active
ACC0001745,CUST000624,Savings,2025-03-01,AE,Active
ACC0001746,CUST000602,Savings,2025-12-19,PK,Active
ACC0001747,CUST001620,Checking,2025-07-23,GB,Active
ACC0001748,CUST001605,Business,2026-01-29,NL,Active
ACC0001749,CUST000099,Savings,2025-05-15,AE,Active
ACC0001750,CUST000441,Checking,2024-10-30,IN,Active
ACC0001751,CUST000004,Checking,2025-06-05,CN,Active
ACC0001752,CUST000714,Checking,2024-02-10,PK,Active
ACC0001753,CUST000855,Savings,2025-12-16,SA,Active
ACC0001754,CUST000634,Business,2025-06-27,IN,Active
ACC0001755,CUST001843,Savings,2024-01-26,NL,Active
ACC0001756,CUST000973,Business,2025-09-25,SA,Active
ACC0001757,CUST000271,Checking,2025-03-01,CN,Active
ACC0001758,CUST001303,Savings,2024-12-16,IN,Active
ACC0001759,CUST001366,Savings,2024-06-01,GB,Active
ACC0001760,CUST001774,Business,2025-07-08,FR,Active
ACC0001761,CUST000182,Business,2026-05-15,SA,Active
ACC0001762,CUST000838,Savings,2025-01-03,DE,Active
ACC0001763,CUST900023,Savings,2025-07-08,FR,Active
ACC0001764,CUST001107,Checking,2024-09-17,IN,Active
ACC0001765,CUST001507,Savings,2025-08-09,US,Active
ACC0001766,CUST001773,Checking,2023-11-19,PK,Active
ACC0001767,CUST001171,Business,2024-10-14,AE,Active
ACC0001768,CUST001149,Business,2024-10-22,US,Active
ACC0001769,CUST001318,Business,2023-08-26,US,Active
ACC0001770,CUST000394,Business,2024-11-26,CN,Active
ACC0001771,CUST001181,Checking,2025-03-20,SA,Active
ACC0001772,CUST001068,Checking,2023-08-08,IN,Active
ACC0001773,CUST001029,Checking,2024-06-14,US,Active
ACC0001774,CUST001348,Business,2025-06-14,GB,Active
ACC0001775,CUST001970,Checking,2026-03-06,AE,Closed
ACC0001776,CUST001611,Checking,2025-05-18,DE,Active
ACC0001777,CUST001699,Business,2023-09-11,SA,Active
ACC0001778,CUST000909,Checking,2026-03-20,CN,Active
ACC0001779,CUST001242,Savings,2026-05-19,NL,Active
ACC0001780,CUST001206,Checking,2024-12-07,IN,Active
ACC0001781,CUST001765,Checking,2025-09-05,FR,Active
ACC0001782,CUST000895,Checking,2024-05-18,NL,Active
ACC0001783,CUST000049,Business,2026-06-08,FR,Active
ACC0001784,CUST000782,Savings,2024-08-12,US,Active
ACC0001785,CUST000234,Checking,2026-01-25,CN,Active
ACC0001786,CUST000344,Savings,2025-01-14,GB,Active
ACC0001787,CUST000374,Savings,2024-08-02,US,Active
ACC0001788,CUST000315,Savings,2025-08-18,NL,Active
ACC0001789,CUST001389,Checking,2024-09-16,PK,Frozen
ACC0001790,CUST001258,Savings,2023-10-02,GB,Active
ACC0001791,CUST000055,Business,2025-06-26,PK,Active
ACC0001792,CUST000610,Savings,2024-08-06,US,Active
ACC0001793,CUST000655,Checking,2025-09-01,NL,Active
ACC0001794,CUST001828,Savings,2024-07-23,AE,Active
ACC0001795,CUST000769,Checking,2025-08-28,PK,Active
ACC0001796,CUST000414,Checking,2025-11-12,SA,Active
ACC0001797,CUST001200,Checking,2024-05-19,IN,Active
ACC0001798,CUST001041,Business,2025-10-17,NL,Active
ACC0001799,CUST001944,Checking,2024-06-14,AE,Active
ACC0001800,CUST000124,Savings,2024-09-19,IN,Active
ACC0001801,CUST900016,Savings,2026-03-30,US,Closed
ACC0001802,CUST000991,Checking,2025-06-14,NL,Active
ACC0001803,CUST001297,Checking,2024-09-01,PK,Frozen
ACC0001804,CUST000551,Business,2024-12-11,SA,Active
ACC0001805,CUST001382,Checking,2025-06-29,DE,Closed
ACC0001806,CUST001562,Business,2025-04-02,GB,Active
ACC0001807,CUST000623,Business,2026-04-11,NL,Active
ACC0001808,CUST000913,Checking,2025-10-31,CN,Active
ACC0001809,CUST000416,Checking,2025-02-07,FR,Active
ACC0001810,CUST001106,Checking,2023-12-12,DE,Active
ACC0001811,CUST001100,Savings,2024-07-07,CN,Active
ACC0001812,CUST000925,Checking,2026-05-11,PK,Active
ACC0001813,CUST001664,Savings,2024-08-02,SA,Active
ACC0001814,CUST000592,Business,2025-05-16,GB,Active
ACC0001815,CUST000001,Checking,2024-09-30,IN,Active
ACC0001816,CUST000559,Business,2023-09-13,AE,Active
ACC0001817,CUST001719,Business,2026-01-21,NL,Active
ACC0001818,CUST000719,Business,2024-01-13,DE,Active
ACC0001819,CUST001198,Business,2023-11-07,AE,Active
ACC0001820,CUST000093,Checking,2023-11-18,CN,Active
ACC0001821,CUST001153,Checking,2026-04-18,AE,Active
ACC0001822,CUST000183,Savings,2024-12-16,US,Active
ACC0001823,CUST001700,Checking,2025-10-15,CN,Active
ACC0001824,CUST000572,Savings,2026-06-08,DE,Active
ACC0001825,CUST001250,Business,2025-12-05,FR,Active
ACC0001826,CUST001810,Business,2025-09-16,FR,Active
ACC0001827,CUST001300,Savings,2024-04-05,IN,Active
ACC0001828,CUST000559,Checking,2026-03-13,FR,Active
ACC0001829,CUST000699,Checking,2024-01-29,IN,Active
ACC0001830,CUST001964,Business,2026-03-05,FR,Active
ACC0001831,CUST000032,Business,2025-10-10,GB,Active
ACC0001832,CUST001323,Checking,2024-10-17,SA,Active
ACC0001833,CUST000975,Checking,2023-10-04,PK,Active
ACC0001834,CUST001377,Checking,2025-05-10,NL,Active
ACC0001835,CUST001138,Business,2023-11-27,IN,Active
ACC0001836,CUST001561,Savings,2026-01-15,CN,Closed
ACC0001837,CUST000166,Business,2023-10-13,US,Active
ACC0001838,CUST001103,Checking,2025-10-18,IN,Closed
ACC0001839,CUST001376,Checking,2025-05-04,FR,Active
ACC0001840,CUST001990,Savings,2026-01-09,SA,Active
ACC0001841,CUST000733,Savings,2026-04-07,GB,Active
ACC0001842,CUST001718,Business,2024-07-04,PK,Active
ACC0001843,CUST000255,Savings,2025-08-10,FR,Active
ACC0001844,CUST001917,Checking,2024-09-02,IN,Active
ACC0001845,CUST000019,Checking,2026-06-16,PK,Active
ACC0001846,CUST001553,Savings,2025-03-30,FR,Closed
ACC0001847,CUST000392,Checking,2024-02-25,SA,Active
ACC0001848,CUST001280,Savings,2024-04-22,DE,Active
ACC0001849,CUST000479,Savings,2024-11-05,FR,Active
ACC0001850,CUST000075,Savings,2024-05-27,IN,Active
ACC0001851,CUST001852,Business,2024-02-27,SA,Active
ACC0001852,CUST000428,Checking,2024-01-16,DE,Active
ACC0001853,CUST001681,Business,2025-12-11,NL,Closed
ACC0001854,CUST000227,Savings,2025-12-06,SA,Active
ACC0001855,CUST001024,Savings,2024-02-17,GB,Active
ACC0001856,CUST001130,Checking,2025-04-08,SA,Active
ACC0001857,CUST001376,Business,2025-05-28,SA,Active
ACC0001858,CUST001157,Checking,2025-07-09,US,Active
ACC0001859,CUST001204,Checking,2024-02-29,US,Active
ACC0001860,CUST000260,Savings,2025-12-07,SA,Active
ACC0001861,CUST001752,Checking,2026-03-06,CN,Active
ACC0001862,CUST001492,Savings,2024-08-14,DE,Active
ACC0001863,CUST001736,Business,2024-10-04,PK,Active
ACC0001864,CUST001986,Business,2025-03-01,CN,Active
ACC0001865,CUST001258,Savings,2023-10-12,CN,Active
ACC0001866,CUST001808,Savings,2024-02-10,PK,Active
ACC0001867,CUST001920,Savings,2025-09-13,PK,Active
ACC0001868,CUST001748,Savings,2026-03-25,NL,Active
ACC0001869,CUST001729,Savings,2025-06-11,AE,Active
ACC0001870,CUST000249,Business,2025-01-06,CN,Active
ACC0001871,CUST000955,Savings,2025-12-31,FR,Active
ACC0001872,CUST001059,Checking,2025-03-27,DE,Active
ACC0001873,CUST000096,Savings,2024-12-13,NL,Active
ACC0001874,CUST001090,Savings,2024-08-06,FR,Active
ACC0001875,CUST000010,Savings,2025-05-17,DE,Active
ACC0001876,CUST000685,Checking,2025-03-14,SA,Active
ACC0001877,CUST001654,Checking,2023-12-21,DE,Active
ACC0001878,CUST001412,Savings,2023-10-07,US,Active
ACC0001879,CUST001878,Checking,2024-10-25,DE,Active
ACC0001880,CUST000336,Savings,2024-08-31,AE,Active
ACC0001881,CUST000128,Business,2023-10-11,US,Active
ACC0001882,CUST000057,Savings,2023-10-19,NL,Closed
ACC0001883,CUST001654,Checking,2025-11-08,SA,Active
ACC0001884,CUST001632,Business,2024-06-09,FR,Active
ACC0001885,CUST001721,Savings,2023-11-30,DE,Closed
ACC0001886,CUST000220,Savings,2024-03-29,DE,Active
ACC0001887,CUST001963,Savings,2025-04-29,PK,Active
ACC0001888,CUST001682,Savings,2024-07-14,CN,Active
ACC0001889,CUST001626,Checking,2024-03-22,US,Active
ACC0001890,CUST001588,Business,2026-04-25,SA,Active
ACC0001891,CUST000898,Checking,2026-04-06,IN,Active
ACC0001892,CUST001185,Checking,2024-04-20,US,Active
ACC0001893,CUST001995,Checking,2025-08-15,PK,Active
ACC0001894,CUST000772,Savings,2023-10-08,US,Active
ACC0001895,CUST001602,Checking,2026-02-10,PK,Active
ACC0001896,CUST001882,Savings,2026-05-25,PK,Active
ACC0001897,CUST000617,Business,2023-10-15,NL,Active
ACC0001898,CUST000134,Checking,2025-04-01,PK,Active
ACC0001899,CUST001145,Checking,2026-01-22,AE,Active
ACC0001900,CUST001740,Savings,2026-04-16,NL,Active
ACC0001901,CUST000196,Business,2025-01-11,NL,Active
ACC0001902,CUST000477,Business,2024-09-25,SA,Active
ACC0001903,CUST000021,Savings,2023-09-26,NL,Active
ACC0001904,CUST000950,Savings,2025-08-09,SA,Active
ACC0001905,CUST001268,Checking,2023-11-23,FR,Active
ACC0001906,CUST001333,Business,2024-12-11,PK,Active
ACC0001907,CUST000929,Business,2026-03-31,FR,Active
ACC0001908,CUST001203,Checking,2024-05-03,US,Active
ACC0001909,CUST000210,Checking,2023-08-28,SA,Active
ACC0001910,CUST001460,Checking,2024-07-22,SA,Active
ACC0001911,CUST001616,Checking,2024-05-01,SA,Active
ACC0001912,CUST000258,Business,2024-07-18,CN,Active
ACC0001913,CUST000524,Savings,2025-10-20,NL,Closed
ACC0001914,CUST000985,Business,2023-12-23,SA,Closed
ACC0001915,CUST000910,Checking,2025-03-02,DE,Active
ACC0001916,CUST000281,Checking,2025-09-17,PK,Active
ACC0001917,CUST000261,Savings,2026-04-08,SA,Active
ACC0001918,CUST000892,Business,2025-07-04,FR,Active
ACC0001919,CUST000637,Business,2026-02-18,CN,Active
ACC0001920,CUST001588,Checking,2024-04-04,GB,Closed
ACC0001921,CUST000961,Savings,2023-10-13,SA,Active
ACC0001922,CUST000702,Savings,2026-05-03,FR,Active
ACC0001923,CUST001987,Checking,2026-03-18,CN,Active
ACC0001924,CUST001201,Business,2025-08-15,GB,Frozen
ACC0001925,CUST000117,Checking,2025-10-21,CN,Active
ACC0001926,CUST001677,Business,2023-09-03,PK,Active
ACC0001927,CUST000864,Savings,2026-06-07,DE,Active
ACC0001928,CUST001999,Checking,2026-05-05,DE,Active
ACC0001929,CUST001608,Checking,2025-04-25,FR,Active
ACC0001930,CUST000387,Business,2025-05-10,IN,Closed
ACC0001931,CUST001422,Business,2023-10-21,IN,Active
ACC0001932,CUST001228,Business,2025-03-06,FR,Active
ACC0001933,CUST001744,Business,2026-05-02,SA,Active
ACC0001934,CUST001972,Savings,2024-05-11,SA,Active
ACC0001935,CUST000613,Savings,2023-09-10,FR,Active
ACC0001936,CUST000332,Checking,2023-09-03,IN,Active
ACC0001937,CUST001794,Checking,2025-01-19,IN,Active
ACC0001938,CUST000449,Checking,2025-06-20,DE,Active
ACC0001939,CUST001419,Checking,2024-10-29,IN,Active
ACC0001940,CUST001277,Checking,2024-06-15,DE,Active
ACC0001941,CUST000984,Business,2026-01-18,FR,Active
ACC0001942,CUST001653,Business,2026-05-28,NL,Active
ACC0001943,CUST000420,Savings,2023-08-19,GB,Active
ACC0001944,CUST001691,Checking,2023-09-25,FR,Active
ACC0001945,CUST000020,Checking,2025-10-29,FR,Active
ACC0001946,CUST000061,Business,2025-12-08,US,Active
ACC0001947,CUST000291,Savings,2025-02-16,IN,Active
ACC0001948,CUST000398,Business,2026-01-30,SA,Active
ACC0001949,CUST001869,Savings,2025-07-23,PK,Active
ACC0001950,CUST001997,Checking,2025-09-21,DE,Active
ACC0001951,CUST000405,Savings,2025-03-07,GB,Active
ACC0001952,CUST000448,Savings,2023-09-21,GB,Closed
ACC0001953,CUST000695,Business,2025-10-21,DE,Active
ACC0001954,CUST000365,Checking,2025-08-07,PK,Active
ACC0001955,CUST000360,Savings,2024-10-28,US,Active
ACC0001956,CUST000042,Business,2024-10-25,GB,Closed
ACC0001957,CUST000776,Business,2023-12-21,US,Active
ACC0001958,CUST000693,Checking,2024-11-05,AE,Active
ACC0001959,CUST000934,Checking,2026-03-10,FR,Active
ACC0001960,CUST001657,Savings,2026-06-09,GB,Active
ACC0001961,CUST001927,Business,2024-08-22,SA,Active
ACC0001962,CUST001805,Savings,2024-02-19,US,Active
ACC0001963,CUST000242,Checking,2024-11-04,GB,Active
ACC0001964,CUST001627,Checking,2023-09-27,DE,Active
ACC0001965,CUST001090,Savings,2024-03-31,FR,Active
ACC0001966,CUST000651,Business,2025-04-15,NL,Active
ACC0001967,CUST001302,Checking,2024-03-26,PK,Active
ACC0001968,CUST001562,Business,2025-10-01,SA,Active
ACC0001969,CUST000387,Business,2026-02-28,AE,Active
ACC0001970,CUST001617,Checking,2025-11-19,FR,Closed
ACC0001971,CUST000506,Checking,2025-03-24,AE,Active
ACC0001972,CUST001787,Checking,2026-06-18,CN,Active
ACC0001973,CUST001983,Business,2023-08-12,IN,Active
ACC0001974,CUST000428,Business,2025-09-02,US,Active
ACC0001975,CUST001606,Savings,2025-12-10,SA,Active
ACC0001976,CUST000132,Checking,2023-10-17,CN,Active
ACC0001977,CUST000794,Business,2023-12-10,CN,Active
ACC0001978,CUST000766,Savings,2024-02-05,CN,Active
ACC0001979,CUST000950,Checking,2023-09-12,FR,Active
ACC0001980,CUST001459,Savings,2024-08-03,CN,Active
ACC0001981,CUST001422,Savings,2025-06-25,IN,Active
ACC0001982,CUST000970,Savings,2024-04-13,SA,Active
ACC0001983,CUST000821,Business,2024-06-03,SA,Active
ACC0001984,CUST001330,Checking,2025-05-04,DE,Active
ACC0001985,CUST000449,Checking,2024-12-19,IN,Closed
ACC0001986,CUST001767,Checking,2023-12-05,NL,Active
ACC0001987,CUST000447,Savings,2023-10-17,NL,Active
ACC0001988,CUST001820,Savings,2024-04-19,SA,Active
ACC0001989,CUST000321,Savings,2025-02-26,AE,Active
ACC0001990,CUST001127,Checking,2025-01-05,GB,Active
ACC0001991,CUST001539,Checking,2025-09-18,AE,Active
ACC0001992,CUST000910,Business,2024-08-11,FR,Active
ACC0001993,CUST000471,Business,2026-03-29,PK,Active
ACC0001994,CUST000952,Business,2024-03-18,SA,Active
ACC0001995,CUST000688,Savings,2025-08-26,IN,Active
ACC0001996,CUST000957,Savings,2026-04-26,NL,Active
ACC0001997,CUST000752,Savings,2025-11-05,FR,Active
ACC0001998,CUST000559,Savings,2024-06-04,PK,Active
ACC0001999,CUST000367,Savings,2025-06-23,DE,Active
ACC0002000,CUST000543,Business,2025-02-08,US,Active
ACC0002001,CUST000735,Checking,2024-05-08,AE,Active
ACC0002002,CUST001725,Business,2025-08-09,CN,Active
ACC0002003,CUST001119,Business,2025-01-14,US,Active
ACC0002004,CUST001609,Savings,2023-09-23,DE,Active
ACC0002005,CUST000201,Checking,2026-03-13,US,Active
ACC0002006,CUST000737,Checking,2025-08-18,CN,Active
ACC0002007,CUST000410,Savings,2025-05-20,DE,Active
ACC0002008,CUST001382,Savings,2024-05-21,AE,Active
ACC0002009,CUST000619,Business,2024-02-29,AE,Active
ACC0002010,CUST000390,Business,2023-12-21,SA,Active
ACC0002011,CUST000282,Business,2026-06-02,CN,Active
ACC0002012,CUST001868,Savings,2024-03-29,PK,Active
ACC0002013,CUST001577,Savings,2025-09-25,AE,Active
ACC0002014,CUST001684,Savings,2024-03-08,NL,Active
ACC0002015,CUST001937,Savings,2024-08-27,SA,Active
ACC0002016,CUST001551,Business,2025-12-14,PK,Active
ACC0002017,CUST000966,Business,2023-12-26,CN,Active
ACC0002018,CUST001558,Checking,2026-06-04,NL,Active
ACC0002019,CUST000466,Checking,2025-08-10,DE,Active
ACC0002020,CUST000971,Checking,2025-06-19,CN,Active
ACC0002021,CUST001202,Business,2024-11-22,IN,Active
ACC0002022,CUST001479,Savings,2023-11-26,FR,Active
ACC0002023,CUST001621,Checking,2025-01-09,FR,Active
ACC0002024,CUST001732,Checking,2023-09-01,NL,Active
ACC0002025,CUST001577,Business,2024-05-19,NL,Active
ACC0002026,CUST000429,Savings,2024-09-09,IN,Active
ACC0002027,CUST001746,Business,2025-12-25,PK,Active
ACC0002028,CUST000767,Checking,2023-10-26,SA,Active
ACC0002029,CUST001789,Checking,2024-05-20,AE,Active
ACC0002030,CUST001931,Business,2025-05-07,PK,Active
ACC0002031,CUST001023,Business,2025-01-06,FR,Active
ACC0002032,CUST000695,Checking,2026-02-01,NL,Active
ACC0002033,CUST000871,Business,2024-09-10,NL,Frozen
ACC0002034,CUST001562,Business,2023-09-13,CN,Active
ACC0002035,CUST000613,Savings,2024-03-03,SA,Frozen
ACC0002036,CUST000047,Business,2024-02-09,PK,Closed
ACC0002037,CUST001888,Checking,2024-10-29,GB,Active
ACC0002038,CUST001951,Savings,2023-09-21,SA,Active
ACC0002039,CUST900019,Business,2024-06-17,SA,Active
ACC0002040,CUST001175,Savings,2025-02-24,NL,Active
ACC0002041,CUST000418,Savings,2024-08-01,US,Active
ACC0002042,CUST001094,Savings,2023-08-24,DE,Active
ACC0002043,CUST000972,Checking,2025-05-06,FR,Active
ACC0002044,CUST001166,Savings,2026-03-06,AE,Active
ACC0002045,CUST000190,Checking,2026-04-06,US,Active
ACC0002046,CUST001382,Business,2026-03-21,GB,Active
ACC0002047,CUST000065,Business,2025-12-07,SA,Active
ACC0002048,CUST001000,Checking,2025-04-17,GB,Active
ACC0002049,CUST000407,Checking,2025-10-12,NL,Active
ACC0002050,CUST000581,Checking,2024-07-25,DE,Closed
ACC0002051,CUST000596,Business,2025-12-27,CN,Active
ACC0002052,CUST000143,Savings,2024-11-01,PK,Active
ACC0002053,CUST000754,Business,2024-10-25,PK,Active
ACC0002054,CUST000351,Savings,2025-09-12,NL,Active
ACC0002055,CUST000800,Checking,2025-09-18,US,Active
ACC0002056,CUST000264,Business,2023-09-26,NL,Active
ACC0002057,CUST000979,Business,2023-11-21,US,Active
ACC0002058,CUST000796,Checking,2024-09-13,GB,Active
ACC0002059,CUST001782,Checking,2025-09-03,AE,Frozen
ACC0002060,CUST000885,Business,2025-07-19,IN,Active
ACC0002061,CUST000325,Business,2026-01-28,SA,Active
ACC0002062,CUST001923,Savings,2026-04-22,SA,Active
ACC0002063,CUST000415,Business,2024-12-03,IN,Active
ACC0002064,CUST000564,Checking,2025-03-29,PK,Active
ACC0002065,CUST000292,Savings,2025-03-24,US,Active
ACC0002066,CUST001688,Savings,2025-01-31,SA,Active
ACC0002067,CUST001653,Checking,2024-01-17,CN,Closed
ACC0002068,CUST000673,Business,2024-09-06,IN,Active
ACC0002069,CUST000942,Savings,2025-09-29,SA,Active
ACC0002070,CUST000080,Business,2026-04-08,US,Active
ACC0002071,CUST000589,Business,2023-12-15,IN,Active
ACC0002072,CUST000710,Business,2023-08-13,AE,Active
ACC0002073,CUST000800,Business,2025-11-26,GB,Active
ACC0002074,CUST000850,Checking,2026-05-06,GB,Active
ACC0002075,CUST001843,Business,2023-10-27,NL,Active
ACC0002076,CUST000937,Savings,2024-04-19,GB,Active
ACC0002077,CUST001430,Business,2025-02-25,US,Active
ACC0002078,CUST000805,Business,2024-07-21,PK,Active
ACC0002079,CUST000490,Checking,2024-09-20,AE,Active
ACC0002080,CUST001807,Business,2025-05-14,CN,Active
ACC0002081,CUST000597,Business,2024-08-16,US,Active
ACC0002082,CUST001429,Business,2025-06-29,DE,Active
ACC0002083,CUST001861,Savings,2025-11-08,NL,Active
ACC0002084,CUST001560,Business,2025-12-07,US,Active
ACC0002085,CUST000755,Checking,2025-05-06,US,Active
ACC0002086,CUST001033,Savings,2023-12-07,NL,Active
ACC0002087,CUST000923,Checking,2025-03-24,AE,Active
ACC0002088,CUST000424,Business,2024-07-04,PK,Active
ACC0002089,CUST000946,Checking,2024-05-04,US,Active
ACC0002090,CUST001308,Business,2024-02-03,IN,Active
ACC0002091,CUST000780,Savings,2024-12-02,NL,Active
ACC0002092,CUST001752,Checking,2024-11-07,NL,Active
ACC0002093,CUST000077,Checking,2024-12-06,AE,Closed
ACC0002094,CUST000234,Business,2026-05-22,GB,Active
ACC0002095,CUST000669,Business,2024-12-20,IN,Active
ACC0002096,CUST000992,Savings,2026-01-13,US,Active
ACC0002097,CUST000169,Business,2024-03-16,DE,Active
ACC0002098,CUST001461,Savings,2023-09-28,GB,Active
ACC0002099,CUST000964,Savings,2026-04-23,GB,Active
ACC0002100,CUST000349,Checking,2024-05-17,SA,Active
ACC0002101,CUST000205,Checking,2025-05-08,AE,Active
ACC0002102,CUST000254,Business,2024-06-26,NL,Active
ACC0002103,CUST000344,Checking,2023-10-04,PK,Active
ACC0002104,CUST001387,Savings,2024-02-04,GB,Active
ACC0002105,CUST000902,Savings,2025-10-21,GB,Active
ACC0002106,CUST000443,Business,2024-05-17,PK,Closed
ACC0002107,CUST001828,Business,2026-02-08,CN,Active
ACC0002108,CUST000442,Savings,2023-12-10,PK,Active
ACC0002109,CUST001713,Business,2025-05-29,CN,Active
ACC0002110,CUST001312,Business,2023-12-31,US,Active
ACC0002111,CUST000799,Business,2025-05-16,AE,Active
ACC0002112,CUST000909,Checking,2023-09-18,SA,Active
ACC0002113,CUST000009,Checking,2023-11-27,NL,Active
ACC0002114,CUST001571,Checking,2023-09-07,DE,Active
ACC0002115,CUST000767,Checking,2025-07-26,DE,Active
ACC0002116,CUST000187,Checking,2026-01-30,NL,Active
ACC0002117,CUST000057,Checking,2025-04-06,FR,Active
ACC0002118,CUST001680,Checking,2023-09-10,US,Active
ACC0002119,CUST000451,Checking,2025-08-30,GB,Active
ACC0002120,CUST001482,Checking,2023-09-30,PK,Active
ACC0002121,CUST000851,Business,2025-08-27,US,Active
ACC0002122,CUST001670,Savings,2024-04-29,FR,Active
ACC0002123,CUST001151,Business,2024-04-27,DE,Active
ACC0002124,CUST001279,Checking,2025-07-20,CN,Active
ACC0002125,CUST000809,Savings,2026-01-27,US,Active
ACC0002126,CUST000475,Checking,2024-08-07,US,Active
ACC0002127,CUST000730,Savings,2025-08-31,GB,Closed
ACC0002128,CUST000030,Savings,2025-04-28,FR,Active
ACC0002129,CUST000024,Savings,2024-08-03,DE,Active
ACC0002130,CUST000939,Checking,2023-10-18,US,Active
ACC0002131,CUST001347,Savings,2024-11-12,SA,Active
ACC0002132,CUST000755,Checking,2025-01-22,US,Active
ACC0002133,CUST001813,Checking,2024-04-05,NL,Active
ACC0002134,CUST000617,Business,2024-07-09,IN,Active
ACC0002135,CUST000208,Business,2024-08-26,CN,Active
ACC0002136,CUST001620,Business,2025-12-20,GB,Active
ACC0002137,CUST000515,Checking,2024-10-13,SA,Active
ACC0002138,CUST000664,Business,2025-06-11,NL,Active
ACC0002139,CUST001388,Business,2026-02-15,GB,Active
ACC0002140,CUST000680,Checking,2023-12-27,FR,Active
ACC0002141,CUST001743,Business,2024-07-10,IN,Active
ACC0002142,CUST000138,Savings,2025-11-14,PK,Active
ACC0002143,CUST001246,Business,2024-07-19,IN,Active
ACC0002144,CUST000783,Business,2024-10-05,DE,Active
ACC0002145,CUST900014,Business,2025-06-22,PK,Active
ACC0002146,CUST000476,Checking,2024-12-10,SA,Active
ACC0002147,CUST001554,Checking,2026-05-30,AE,Active
ACC0002148,CUST000484,Business,2025-05-20,NL,Active
ACC0002149,CUST001550,Checking,2024-01-14,SA,Active
ACC0002150,CUST000162,Checking,2023-09-13,GB,Active
ACC0002151,CUST000767,Savings,2026-04-14,AE,Active
ACC0002152,CUST000413,Checking,2026-03-26,NL,Active
ACC0002153,CUST000418,Business,2023-08-24,PK,Active
ACC0002154,CUST000487,Business,2025-05-07,SA,Active
ACC0002155,CUST001937,Savings,2025-12-05,FR,Active
ACC0002156,CUST000274,Savings,2025-01-22,FR,Active
ACC0002157,CUST001318,Checking,2025-11-06,CN,Active
ACC0002158,CUST001621,Savings,2025-01-19,AE,Closed
ACC0002159,CUST001537,Checking,2025-04-07,DE,Active
ACC0002160,CUST001734,Business,2024-07-28,FR,Active
ACC0002161,CUST000701,Checking,2024-03-13,DE,Active
ACC0002162,CUST001104,Checking,2025-12-29,DE,Active
ACC0002163,CUST001641,Business,2023-08-31,DE,Active
ACC0002164,CUST001245,Savings,2025-09-09,CN,Active
ACC0002165,CUST000658,Checking,2024-09-06,IN,Active
ACC0002166,CUST001289,Checking,2026-06-25,US,Active
ACC0002167,CUST001781,Savings,2023-10-19,US,Active
ACC0002168,CUST001953,Checking,2023-10-18,PK,Active
ACC0002169,CUST001299,Checking,2026-04-20,DE,Active
ACC0002170,CUST000257,Checking,2024-03-23,GB,Active
ACC0002171,CUST001213,Business,2025-01-14,DE,Frozen
ACC0002172,CUST000483,Business,2025-03-31,US,Active
ACC0002173,CUST000872,Business,2025-03-03,IN,Active
ACC0002174,CUST000637,Checking,2024-10-15,DE,Active
ACC0002175,CUST000501,Savings,2025-09-16,GB,Frozen
ACC0002176,CUST001240,Checking,2026-01-16,AE,Active
ACC0002177,CUST000584,Business,2025-02-09,IN,Active
ACC0002178,CUST001981,Business,2023-09-20,DE,Active
ACC0002179,CUST000556,Savings,2024-12-12,US,Active
ACC0002180,CUST001947,Savings,2025-02-06,NL,Active
ACC0002181,CUST000773,Checking,2024-11-09,IN,Active
ACC0002182,CUST000903,Savings,2024-05-09,CN,Active
ACC0002183,CUST001248,Business,2026-01-04,NL,Active
ACC0002184,CUST001557,Checking,2024-06-04,IN,Active
ACC0002185,CUST000040,Savings,2024-04-13,NL,Active
ACC0002186,CUST001749,Checking,2024-04-12,AE,Active
ACC0002187,CUST001218,Business,2025-10-23,GB,Active
ACC0002188,CUST001132,Business,2024-08-16,GB,Active
ACC0002189,CUST000526,Savings,2024-11-24,IN,Active
ACC0002190,CUST000626,Savings,2025-10-02,AE,Active
ACC0002191,CUST000768,Business,2023-11-28,SA,Active
ACC0002192,CUST000984,Checking,2024-04-09,FR,Active
ACC0002193,CUST000279,Business,2025-09-16,IN,Active
ACC0002194,CUST000400,Checking,2026-02-20,DE,Active
ACC0002195,CUST000008,Checking,2024-08-16,CN,Active
ACC0002196,CUST001495,Business,2024-08-06,FR,Active
ACC0002197,CUST001006,Savings,2025-01-17,NL,Active
ACC0002198,CUST001925,Savings,2026-03-29,FR,Active
ACC0002199,CUST000786,Savings,2025-06-23,AE,Active
ACC0002200,CUST001312,Business,2025-05-03,US,Active
ACC0002201,CUST000837,Checking,2024-11-17,US,Active
ACC0002202,CUST000788,Business,2024-10-16,GB,Active
ACC0002203,CUST000397,Savings,2025-03-25,AE,Closed
ACC0002204,CUST001579,Business,2025-12-25,FR,Active
ACC0002205,CUST001043,Business,2023-12-08,IN,Active
ACC0002206,CUST001300,Business,2025-02-20,FR,Active
ACC0002207,CUST001426,Checking,2025-11-01,NL,Active
ACC0002208,CUST001897,Savings,2024-10-04,DE,Active
ACC0002209,CUST000496,Savings,2025-04-11,PK,Active
ACC0002210,CUST001887,Savings,2023-12-22,PK,Active
ACC0002211,CUST001428,Business,2024-04-30,GB,Active
ACC0002212,CUST000535,Business,2024-05-28,IN,Active
ACC0002213,CUST001933,Business,2024-06-26,GB,Active
ACC0002214,CUST000520,Checking,2023-10-22,SA,Active
ACC0002215,CUST001184,Business,2024-10-18,GB,Active
ACC0002216,CUST000025,Checking,2026-06-10,US,Active
ACC0002217,CUST001319,Business,2025-04-02,NL,Active
ACC0002218,CUST000814,Business,2025-06-01,SA,Active
ACC0002219,CUST001995,Checking,2025-10-28,CN,Active
ACC0002220,CUST001863,Checking,2026-03-13,NL,Active
ACC0002221,CUST000339,Savings,2026-02-16,AE,Active
ACC0002222,CUST001416,Savings,2023-08-13,CN,Active
ACC0002223,CUST001981,Business,2023-12-03,NL,Active
ACC0002224,CUST001200,Savings,2024-05-03,NL,Active
ACC0002225,CUST001541,Business,2025-03-10,US,Active
ACC0002226,CUST000223,Business,2026-04-14,SA,Active
ACC0002227,CUST001590,Savings,2025-09-26,GB,Active
ACC0002228,CUST000550,Business,2023-12-09,DE,Active
ACC0002229,CUST001904,Business,2023-09-02,NL,Active
ACC0002230,CUST001431,Savings,2024-10-29,PK,Active
ACC0002231,CUST000344,Savings,2025-08-01,PK,Active
ACC0002232,CUST000198,Checking,2026-06-17,NL,Active
ACC0002233,CUST001075,Savings,2023-12-16,AE,Active
ACC0002234,CUST001501,Savings,2026-02-06,GB,Active
ACC0002235,CUST000361,Savings,2026-04-02,GB,Active
ACC0002236,CUST001441,Checking,2026-03-17,DE,Active
ACC0002237,CUST000996,Checking,2024-08-08,CN,Active
ACC0002238,CUST001942,Checking,2024-09-28,IN,Active
ACC0002239,CUST001161,Checking,2025-03-12,GB,Active
ACC0002240,CUST000411,Checking,2025-08-24,GB,Active
ACC0002241,CUST001657,Checking,2023-12-01,AE,Active
ACC0002242,CUST001847,Savings,2026-03-10,IN,Active
ACC0002243,CUST001283,Business,2026-03-11,US,Active
ACC0002244,CUST001778,Business,2025-04-18,GB,Active
ACC0002245,CUST000163,Savings,2025-05-15,US,Closed
ACC0002246,CUST000773,Checking,2026-06-21,AE,Active
ACC0002247,CUST000131,Savings,2023-09-14,PK,Active
ACC0002248,CUST001199,Checking,2025-09-22,IN,Active
ACC0002249,CUST000993,Business,2024-08-09,US,Closed
ACC0002250,CUST000019,Checking,2024-11-17,AE,Active
ACC0002251,CUST001539,Checking,2024-10-05,SA,Active
ACC0002252,CUST001616,Checking,2024-11-18,US,Active
ACC0002253,CUST000432,Business,2026-01-02,PK,Active
ACC0002254,CUST000769,Business,2024-05-31,CN,Active
ACC0002255,CUST001970,Savings,2024-12-17,IN,Active
ACC0002256,CUST000969,Savings,2023-12-18,SA,Frozen
ACC0002257,CUST000879,Savings,2024-02-08,FR,Active
ACC0002258,CUST001396,Savings,2025-10-21,FR,Active
ACC0002259,CUST001672,Checking,2026-03-30,FR,Active
ACC0002260,CUST001362,Savings,2026-04-21,NL,Active
ACC0002261,CUST001250,Checking,2023-10-25,FR,Active
ACC0002262,CUST001788,Savings,2026-03-08,US,Active
ACC0002263,CUST000006,Savings,2025-04-20,NL,Active
ACC0002264,CUST001485,Checking,2024-08-25,PK,Active
ACC0002265,CUST001232,Checking,2025-06-19,CN,Active
ACC0002266,CUST000572,Business,2024-09-04,DE,Active
ACC0002267,CUST000754,Savings,2024-11-06,SA,Active
ACC0002268,CUST001405,Business,2025-01-20,IN,Active
ACC0002269,CUST001054,Savings,2025-04-14,DE,Closed
ACC0002270,CUST000006,Business,2026-04-30,FR,Active
ACC0002271,CUST000034,Business,2023-11-08,FR,Closed
ACC0002272,CUST001788,Checking,2024-06-08,FR,Active
ACC0002273,CUST001388,Savings,2024-07-25,DE,Active
ACC0002274,CUST001242,Savings,2025-03-20,NL,Active
ACC0002275,CUST001513,Business,2026-03-10,US,Active
ACC0002276,CUST000713,Savings,2025-04-06,IN,Active
ACC0002277,CUST001348,Business,2026-01-12,US,Active
ACC0002278,CUST001503,Savings,2024-10-24,AE,Active
ACC0002279,CUST001243,Checking,2024-07-06,GB,Active
ACC0002280,CUST001781,Business,2024-07-01,SA,Active
ACC0002281,CUST001607,Business,2024-02-03,CN,Active
ACC0002282,CUST000065,Checking,2023-12-27,IN,Active
ACC0002283,CUST001631,Checking,2025-12-11,AE,Active
ACC0002284,CUST001704,Business,2025-09-18,CN,Active
ACC0002285,CUST001791,Savings,2026-06-16,GB,Active
ACC0002286,CUST001835,Savings,2024-03-08,US,Active
ACC0002287,CUST000987,Business,2025-01-31,CN,Active
ACC0002288,CUST000493,Checking,2025-04-01,DE,Active
ACC0002289,CUST000349,Business,2025-05-14,US,Active
ACC0002290,CUST000216,Savings,2023-11-11,PK,Active
ACC0002291,CUST000328,Savings,2024-05-26,NL,Active
ACC0002292,CUST001569,Savings,2023-12-01,DE,Active
ACC0002293,CUST001472,Savings,2024-05-14,IN,Active
ACC0002294,CUST001948,Business,2024-11-06,US,Active
ACC0002295,CUST001362,Checking,2026-02-25,CN,Active
ACC0002296,CUST001297,Business,2024-05-30,IN,Active
ACC0002297,CUST000185,Business,2026-04-01,FR,Active
ACC0002298,CUST001785,Checking,2026-06-16,SA,Active
ACC0002299,CUST001569,Business,2025-10-08,US,Active
ACC0002300,CUST001318,Savings,2026-04-08,NL,Active
ACC0002301,CUST001864,Business,2025-07-07,NL,Closed
ACC0002302,CUST001339,Business,2023-12-25,CN,Active
ACC0002303,CUST001978,Savings,2024-03-04,DE,Active
ACC0002304,CUST000457,Savings,2026-01-07,US,Active
ACC0002305,CUST000595,Checking,2025-10-09,US,Active
ACC0002306,CUST000182,Savings,2023-08-26,SA,Active
ACC0002307,CUST001919,Checking,2026-03-16,US,Active
ACC0002308,CUST001173,Savings,2026-05-16,GB,Active
ACC0002309,CUST001747,Savings,2025-02-22,NL,Active
ACC0002310,CUST001181,Business,2025-11-25,PK,Active
ACC0002311,CUST000636,Checking,2023-08-04,SA,Closed
ACC0002312,CUST001096,Checking,2025-12-31,NL,Active
ACC0002313,CUST000867,Savings,2023-08-24,FR,Active
ACC0002314,CUST001633,Business,2024-02-29,GB,Closed
ACC0002315,CUST001064,Business,2026-04-26,SA,Active
ACC0002316,CUST001209,Checking,2025-03-27,US,Active
ACC0002317,CUST000809,Checking,2025-09-15,CN,Active
ACC0002318,CUST001745,Savings,2025-02-02,FR,Active
ACC0002319,CUST000296,Savings,2025-12-29,DE,Active
ACC0002320,CUST001023,Business,2024-06-06,IN,Active
ACC0002321,CUST000301,Business,2023-11-21,AE,Closed
ACC0002322,CUST000298,Business,2025-08-18,PK,Active
ACC0002323,CUST001226,Savings,2026-01-13,AE,Active
ACC0002324,CUST001028,Business,2024-11-12,US,Active
ACC0002325,CUST000560,Business,2024-10-30,SA,Closed
ACC0002326,CUST000979,Business,2024-05-03,DE,Active
ACC0002327,CUST001013,Savings,2026-02-03,NL,Frozen
ACC0002328,CUST000120,Savings,2026-06-20,GB,Active
ACC0002329,CUST001695,Business,2025-09-14,DE,Active
ACC0002330,CUST001736,Business,2023-11-29,DE,Active
ACC0002331,CUST001434,Business,2024-08-08,PK,Active
ACC0002332,CUST001890,Checking,2023-10-20,IN,Active
ACC0002333,CUST001489,Savings,2025-11-19,AE,Active
ACC0002334,CUST001669,Business,2025-09-10,GB,Active
ACC0002335,CUST000044,Business,2024-07-10,NL,Active
ACC0002336,CUST000691,Savings,2025-01-18,IN,Active
ACC0002337,CUST000713,Savings,2024-05-17,NL,Active
ACC0002338,CUST000147,Business,2025-05-30,AE,Active
ACC0002339,CUST000578,Business,2025-01-24,DE,Active
ACC0002340,CUST001435,Business,2025-11-02,NL,Active
ACC0002341,CUST000199,Checking,2025-08-19,FR,Active
ACC0002342,CUST001540,Business,2024-06-27,PK,Active
ACC0002343,CUST001740,Business,2026-04-08,AE,Active
ACC0002344,CUST000937,Business,2024-10-31,GB,Active
ACC0002345,CUST001182,Checking,2026-04-16,IN,Active
ACC0002346,CUST001425,Savings,2025-11-20,AE,Active
ACC0002347,CUST001837,Checking,2024-06-30,DE,Active
ACC0002348,CUST000446,Business,2026-01-09,DE,Active
ACC0002349,CUST001505,Business,2025-07-01,PK,Active
ACC0002350,CUST000741,Business,2026-02-17,SA,Active
ACC0002351,CUST000208,Business,2023-09-03,GB,Active
ACC0002352,CUST000771,Savings,2025-06-03,GB,Active
ACC0002353,CUST001896,Checking,2023-08-05,US,Closed
ACC0002354,CUST000728,Savings,2023-12-20,GB,Active
ACC0002355,CUST001935,Checking,2024-09-01,US,Active
ACC0002356,CUST001055,Business,2026-04-28,FR,Active
ACC0002357,CUST001215,Savings,2025-07-14,GB,Active
ACC0002358,CUST001284,Business,2024-05-05,NL,Active
ACC0002359,CUST000501,Checking,2024-01-05,US,Active
ACC0002360,CUST000493,Savings,2025-12-11,IN,Active
ACC0002361,CUST000619,Business,2025-09-16,SA,Active
ACC0002362,CUST001954,Checking,2024-05-24,NL,Active
ACC0002363,CUST001588,Business,2024-02-24,US,Active
ACC0002364,CUST001592,Savings,2026-02-15,NL,Active
ACC0002365,CUST000563,Business,2026-05-06,IN,Active
ACC0002366,CUST000752,Checking,2026-01-26,US,Active
ACC0002367,CUST000238,Checking,2025-10-03,US,Active
ACC0002368,CUST001001,Business,2023-07-31,CN,Active
ACC0002369,CUST000460,Checking,2023-10-07,SA,Active
ACC0002370,CUST001173,Business,2025-03-13,IN,Active
ACC0002371,CUST000560,Business,2024-03-06,US,Active
ACC0002372,CUST001626,Business,2024-02-02,GB,Active
ACC0002373,CUST000786,Savings,2024-10-15,NL,Active
ACC0002374,CUST000611,Business,2024-05-03,GB,Active
ACC0002375,CUST000203,Savings,2024-09-05,US,Active
ACC0002376,CUST001461,Business,2025-04-10,GB,Active
ACC0002377,CUST000830,Business,2025-06-06,PK,Active
ACC0002378,CUST000806,Business,2024-12-25,CN,Active
ACC0002379,CUST001604,Business,2025-06-27,IN,Active
ACC0002380,CUST000130,Business,2024-02-04,SA,Active
ACC0002381,CUST001103,Business,2024-06-11,US,Active
ACC0002382,CUST001543,Checking,2024-03-31,US,Active
ACC0002383,CUST000370,Business,2024-06-03,GB,Active
ACC0002384,CUST000010,Business,2024-12-26,IN,Active
ACC0002385,CUST001639,Savings,2025-11-23,US,Active
ACC0002386,CUST000080,Checking,2024-09-18,SA,Closed
ACC0002387,CUST000422,Business,2024-08-11,GB,Active
ACC0002388,CUST000179,Business,2024-12-21,AE,Active
ACC0002389,CUST001743,Checking,2023-11-07,US,Active
ACC0002390,CUST000255,Business,2023-11-24,AE,Active
ACC0002391,CUST000744,Business,2026-02-21,GB,Active
ACC0002392,CUST000866,Business,2025-10-09,PK,Active
ACC0002393,CUST000508,Savings,2024-05-29,PK,Active
ACC0002394,CUST001937,Business,2026-05-26,AE,Closed
ACC0002395,CUST001349,Business,2024-07-08,IN,Active
ACC0002396,CUST000286,Business,2025-07-03,IN,Active
ACC0002397,CUST001423,Savings,2023-11-28,CN,Active
ACC0002398,CUST001865,Savings,2024-12-04,SA,Active
ACC0002399,CUST001102,Business,2024-07-01,DE,Active
ACC0002400,CUST001408,Checking,2023-11-26,PK,Active
ACC0002401,CUST000485,Checking,2025-08-08,DE,Active
ACC0002402,CUST900021,Savings,2025-08-17,DE,Active
ACC0002403,CUST001960,Checking,2025-10-29,SA,Active
ACC0002404,CUST001130,Checking,2024-12-24,SA,Frozen
ACC0002405,CUST000735,Savings,2025-12-01,GB,Active
ACC0002406,CUST001493,Business,2024-12-30,NL,Closed
ACC0002407,CUST000152,Business,2024-10-09,AE,Active
ACC0002408,CUST000533,Savings,2024-04-03,GB,Active
ACC0002409,CUST000819,Savings,2024-06-02,US,Active
ACC0002410,CUST001934,Savings,2025-01-18,NL,Active
ACC0002411,CUST001925,Business,2026-03-02,GB,Active
ACC0002412,CUST001097,Checking,2025-11-08,US,Active
ACC0002413,CUST001289,Business,2023-09-30,AE,Active
ACC0002414,CUST001296,Business,2025-10-27,DE,Active
ACC0002415,CUST001463,Savings,2024-05-01,SA,Active
ACC0002416,CUST001346,Business,2024-06-30,CN,Active
ACC0002417,CUST001238,Checking,2024-09-17,NL,Active
ACC0002418,CUST001682,Checking,2024-11-10,FR,Active
ACC0002419,CUST001613,Savings,2024-09-24,NL,Active
ACC0002420,CUST000053,Business,2026-03-26,DE,Active
ACC0002421,CUST000158,Savings,2024-05-09,US,Closed
ACC0002422,CUST001088,Checking,2025-09-11,CN,Active
ACC0002423,CUST000833,Checking,2024-07-24,FR,Active
ACC0002424,CUST001311,Checking,2025-12-16,FR,Active
ACC0002425,CUST001862,Savings,2024-06-20,AE,Active
ACC0002426,CUST000299,Checking,2024-10-06,AE,Active
ACC0002427,CUST000020,Checking,2025-03-29,NL,Active
ACC0002428,CUST001984,Checking,2024-01-21,NL,Active
ACC0002429,CUST001949,Checking,2024-03-03,US,Active
ACC0002430,CUST000359,Business,2025-05-24,AE,Active
ACC0002431,CUST001205,Savings,2026-05-03,US,Active
ACC0002432,CUST001083,Savings,2025-05-11,SA,Active
ACC0002433,CUST001772,Savings,2024-07-13,CN,Closed
ACC0002434,CUST000555,Business,2025-05-02,US,Active
ACC0002435,CUST001836,Checking,2023-08-18,GB,Active
ACC0002436,CUST000651,Savings,2025-09-04,GB,Active
ACC0002437,CUST000706,Business,2025-11-29,CN,Active
ACC0002438,CUST001129,Business,2023-11-01,NL,Frozen
ACC0002439,CUST000976,Business,2025-08-17,GB,Active
ACC0002440,CUST000530,Checking,2026-03-26,CN,Active
ACC0002441,CUST001460,Checking,2025-10-22,GB,Active
ACC0002442,CUST000292,Savings,2025-03-08,SA,Active
ACC0002443,CUST001506,Savings,2025-06-25,PK,Active
ACC0002444,CUST001880,Business,2025-01-30,FR,Active
ACC0002445,CUST001448,Checking,2024-08-16,SA,Closed
ACC0002446,CUST000856,Business,2024-02-24,IN,Active
ACC0002447,CUST000374,Savings,2024-01-11,FR,Active
ACC0002448,CUST001635,Savings,2025-02-18,CN,Active
ACC0002449,CUST000587,Savings,2026-01-29,NL,Active
ACC0002450,CUST001066,Business,2024-03-28,DE,Active
ACC0002451,CUST000625,Business,2025-11-28,US,Active
ACC0002452,CUST001940,Savings,2026-03-24,NL,Active
ACC0002453,CUST001578,Savings,2024-07-15,US,Active
ACC0002454,CUST001299,Checking,2024-03-13,US,Active
ACC0002455,CUST001494,Checking,2025-09-16,US,Active
ACC0002456,CUST000338,Business,2026-04-25,PK,Active
ACC0002457,CUST000173,Business,2023-09-04,AE,Active
ACC0002458,CUST001134,Savings,2023-08-18,PK,Active
ACC0002459,CUST001970,Savings,2026-04-25,CN,Active
ACC0002460,CUST001909,Business,2023-11-14,GB,Active
ACC0002461,CUST000982,Savings,2024-09-24,CN,Active
ACC0002462,CUST001403,Business,2024-12-25,CN,Frozen
ACC0002463,CUST001429,Checking,2024-01-11,NL,Active
ACC0002464,CUST000028,Business,2024-06-13,DE,Active
ACC0002465,CUST001865,Business,2024-03-29,PK,Active
ACC0002466,CUST001462,Savings,2025-10-28,CN,Active
ACC0002467,CUST001535,Savings,2024-04-16,DE,Active
ACC0002468,CUST001513,Business,2024-05-13,CN,Closed
ACC0002469,CUST001400,Business,2023-12-06,PK,Active
ACC0002470,CUST001243,Savings,2025-11-09,GB,Active
ACC0002471,CUST001381,Business,2025-06-25,DE,Frozen
ACC0002472,CUST000358,Checking,2023-12-14,FR,Active
ACC0002473,CUST001719,Checking,2025-09-24,CN,Active
ACC0002474,CUST000723,Checking,2024-05-10,NL,Active
ACC0002475,CUST001014,Savings,2023-10-26,GB,Active
ACC0002476,CUST000764,Checking,2023-10-14,FR,Active
ACC0002477,CUST001871,Business,2025-09-04,DE,Active
ACC0002478,CUST001703,Business,2025-10-17,US,Active
ACC0002479,CUST000594,Savings,2024-10-12,IN,Active
ACC0002480,CUST000601,Savings,2023-08-12,DE,Active
ACC0002481,CUST000004,Business,2025-12-29,SA,Active
ACC0002482,CUST000806,Checking,2025-05-02,AE,Active
ACC0002483,CUST001902,Business,2024-01-05,CN,Active
ACC0002484,CUST001691,Checking,2025-09-19,IN,Active
ACC0002485,CUST001827,Business,2025-11-18,IN,Active
ACC0002486,CUST000117,Savings,2024-02-20,PK,Active
ACC0002487,CUST001260,Savings,2025-05-03,FR,Active
ACC0002488,CUST000611,Savings,2024-06-24,US,Active
ACC0002489,CUST000010,Savings,2024-07-07,GB,Active
ACC0002490,CUST000823,Savings,2025-01-24,PK,Active
ACC0002491,CUST900022,Savings,2023-08-21,IN,Active
ACC0002492,CUST000404,Checking,2024-05-15,CN,Active
ACC0002493,CUST001053,Checking,2024-02-29,NL,Active
ACC0002494,CUST000253,Savings,2024-05-04,PK,Active
ACC0002495,CUST000318,Business,2025-06-26,AE,Active
ACC0002496,CUST000463,Savings,2024-12-11,NL,Active
ACC0002497,CUST000766,Savings,2024-06-02,FR,Active
ACC0002498,CUST000877,Checking,2023-11-04,CN,Active
ACC0002499,CUST900011,Savings,2026-05-23,US,Active
ACC0002500,CUST000898,Business,2025-03-17,IN,Active
ACC0002501,CUST000331,Checking,2024-12-24,FR,Active
ACC0002502,CUST001530,Savings,2026-03-21,PK,Active
ACC0002503,CUST000735,Business,2025-02-15,DE,Active
ACC0002504,CUST000226,Checking,2024-04-13,AE,Active
ACC0002505,CUST000082,Checking,2023-08-15,NL,Active
ACC0002506,CUST000862,Business,2025-01-07,FR,Active
ACC0002507,CUST001845,Checking,2024-09-19,GB,Active
ACC0002508,CUST001364,Checking,2024-08-28,IN,Active
ACC0002509,CUST001965,Business,2025-03-01,AE,Closed
ACC0002510,CUST000243,Savings,2023-11-20,IN,Active
ACC0002511,CUST001126,Savings,2024-03-22,GB,Active
ACC0002512,CUST000665,Savings,2026-06-01,CN,Active
ACC0002513,CUST001486,Business,2024-09-23,NL,Active
ACC0002514,CUST000269,Checking,2024-03-31,US,Active
ACC0002515,CUST001623,Checking,2024-08-25,GB,Active
ACC0002516,CUST900006,Savings,2025-03-19,CN,Active
ACC0002517,CUST000027,Business,2025-06-12,DE,Active
ACC0002518,CUST000106,Business,2024-07-16,FR,Active
ACC0002519,CUST000879,Business,2025-12-07,PK,Active
ACC0002520,CUST000889,Savings,2026-06-02,AE,Active
ACC0002521,CUST000577,Savings,2023-11-06,US,Active
ACC0002522,CUST001558,Savings,2024-01-24,DE,Active
ACC0002523,CUST001264,Checking,2026-02-03,CN,Active
ACC0002524,CUST000382,Checking,2024-12-31,AE,Active
ACC0002525,CUST001570,Checking,2024-04-19,AE,Active
ACC0002526,CUST001435,Checking,2023-12-25,NL,Active
ACC0002527,CUST000406,Savings,2025-05-15,US,Active
ACC0002528,CUST001435,Business,2024-12-13,CN,Active
ACC0002529,CUST001251,Checking,2025-09-05,DE,Active
ACC0002530,CUST001750,Business,2025-03-23,GB,Active
ACC0002531,CUST000469,Checking,2024-03-31,GB,Active
ACC0002532,CUST000821,Checking,2025-10-23,AE,Active
ACC0002533,CUST000393,Checking,2024-04-21,NL,Active
ACC0002534,CUST000036,Business,2024-06-24,DE,Active
ACC0002535,CUST000186,Checking,2024-07-22,NL,Active
ACC0002536,CUST000834,Business,2024-01-04,AE,Active
ACC0002537,CUST001433,Business,2024-07-04,DE,Active
ACC0002538,CUST000454,Savings,2025-03-21,NL,Active
ACC0002539,CUST000981,Checking,2024-10-03,CN,Active
ACC0002540,CUST000874,Business,2023-08-02,PK,Active
ACC0002541,CUST000623,Checking,2025-08-01,AE,Active
ACC0002542,CUST000744,Savings,2025-10-09,FR,Active
ACC0002543,CUST001457,Savings,2025-11-21,DE,Active
ACC0002544,CUST000655,Checking,2025-02-28,GB,Active
ACC0002545,CUST000083,Checking,2024-06-25,PK,Active
ACC0002546,CUST001352,Business,2025-06-22,FR,Active
ACC0002547,CUST000434,Savings,2024-07-05,IN,Active
ACC0002548,CUST000573,Business,2025-08-21,US,Active
ACC0002549,CUST000882,Checking,2025-01-26,AE,Active
ACC0002550,CUST001942,Savings,2026-01-28,FR,Closed
ACC0002551,CUST000684,Savings,2026-06-20,US,Active
ACC0002552,CUST000198,Business,2023-10-22,PK,Active
ACC0002553,CUST001398,Business,2023-11-16,GB,Active
ACC0002554,CUST000678,Savings,2025-08-11,FR,Active
ACC0002555,CUST001521,Business,2024-08-31,CN,Active
ACC0002556,CUST001238,Savings,2025-10-11,DE,Active
ACC0002557,CUST001331,Savings,2024-01-16,DE,Active
ACC0002558,CUST001196,Savings,2025-10-02,US,Closed
ACC0002559,CUST001816,Checking,2024-01-21,GB,Frozen
ACC0002560,CUST001289,Business,2024-11-05,SA,Active
ACC0002561,CUST000246,Checking,2026-05-29,SA,Active
ACC0002562,CUST001983,Business,2023-09-07,DE,Active
ACC0002563,CUST000395,Business,2024-10-22,IN,Active
ACC0002564,CUST001895,Checking,2024-01-25,US,Active
ACC0002565,CUST001928,Business,2025-11-30,SA,Active
ACC0002566,CUST000702,Savings,2024-12-28,IN,Active
ACC0002567,CUST001558,Checking,2025-10-03,CN,Active
ACC0002568,CUST001476,Checking,2025-03-02,PK,Active
ACC0002569,CUST000261,Checking,2024-09-25,NL,Active
ACC0002570,CUST001127,Business,2024-06-08,AE,Active
ACC0002571,CUST001825,Business,2024-11-03,FR,Active
ACC0002572,CUST001832,Savings,2024-06-05,IN,Active
ACC0002573,CUST001289,Business,2026-04-05,US,Active
ACC0002574,CUST001865,Savings,2025-07-18,US,Active
ACC0002575,CUST000988,Savings,2025-02-03,CN,Active
ACC0002576,CUST001907,Business,2025-05-13,PK,Active
ACC0002577,CUST000341,Business,2024-08-27,AE,Active
ACC0002578,CUST001426,Checking,2025-06-20,AE,Closed
ACC0002579,CUST000093,Business,2023-12-25,PK,Active
ACC0002580,CUST001626,Business,2025-02-04,DE,Closed
ACC0002581,CUST001516,Savings,2024-03-01,IN,Active
ACC0002582,CUST001402,Business,2025-05-12,CN,Active
ACC0002583,CUST001989,Checking,2025-08-27,GB,Active
ACC0002584,CUST000896,Business,2025-01-31,NL,Active
ACC0002585,CUST001151,Savings,2024-04-20,NL,Closed
ACC0002586,CUST001243,Savings,2024-12-02,DE,Active
ACC0002587,CUST000376,Checking,2026-04-20,GB,Active
ACC0002588,CUST001171,Checking,2026-04-11,SA,Active
ACC0002589,CUST001426,Checking,2025-09-02,CN,Active
ACC0002590,CUST000932,Business,2026-01-21,CN,Active
ACC0002591,CUST000530,Savings,2023-12-19,DE,Active
ACC0002592,CUST000606,Business,2025-02-05,AE,Active
ACC0002593,CUST001130,Checking,2025-12-28,GB,Active
ACC0002594,CUST000458,Checking,2023-08-07,CN,Active
ACC0002595,CUST000487,Savings,2024-10-13,PK,Active
ACC0002596,CUST001309,Checking,2024-01-04,AE,Active
ACC0002597,CUST001899,Checking,2023-10-07,AE,Active
ACC0002598,CUST001788,Checking,2026-06-03,DE,Active
ACC0002599,CUST001686,Checking,2024-06-24,CN,Active
ACC0002600,CUST000237,Checking,2024-02-13,FR,Active
ACC0002601,CUST001295,Business,2025-08-05,FR,Active
ACC0002602,CUST000664,Checking,2025-02-20,CN,Active
ACC0002603,CUST000540,Business,2024-07-14,GB,Active
ACC0002604,CUST000836,Business,2023-10-01,AE,Active
ACC0002605,CUST000664,Checking,2024-12-08,PK,Active
ACC0002606,CUST001687,Savings,2024-01-10,DE,Active
ACC0002607,CUST001496,Savings,2024-08-04,GB,Active
ACC0002608,CUST000524,Checking,2025-03-15,CN,Closed
ACC0002609,CUST001346,Business,2024-03-24,US,Active
ACC0002610,CUST001479,Business,2025-05-28,NL,Active
ACC0002611,CUST001936,Business,2026-04-12,AE,Active
ACC0002612,CUST001781,Business,2024-05-15,SA,Active
ACC0002613,CUST001128,Checking,2025-12-18,IN,Active
ACC0002614,CUST000451,Savings,2026-02-07,AE,Active
ACC0002615,CUST000417,Business,2025-04-11,NL,Active
ACC0002616,CUST000318,Savings,2024-06-17,DE,Active
ACC0002617,CUST001494,Business,2025-05-23,NL,Active
ACC0002618,CUST000754,Checking,2024-09-29,IN,Active
ACC0002619,CUST000191,Savings,2024-04-24,GB,Active
ACC0002620,CUST000940,Checking,2025-02-23,GB,Active
ACC0002621,CUST000386,Business,2025-06-29,IN,Active
ACC0002622,CUST001931,Business,2023-10-18,GB,Active
ACC0002623,CUST001326,Savings,2024-01-06,PK,Active
ACC0002624,CUST000635,Checking,2025-09-13,GB,Closed
ACC0002625,CUST001674,Savings,2024-05-21,SA,Active
ACC0002626,CUST000384,Checking,2024-05-03,GB,Active
ACC0002627,CUST000147,Savings,2023-11-14,DE,Active
ACC0002628,CUST000931,Business,2025-11-23,NL,Active
ACC0002629,CUST000205,Business,2025-04-14,CN,Active
ACC0002630,CUST000281,Business,2025-10-21,PK,Active
ACC0002631,CUST001235,Checking,2024-07-13,NL,Active
ACC0002632,CUST000786,Checking,2025-10-27,US,Active
ACC0002633,CUST001692,Checking,2025-04-19,PK,Active
ACC0002634,CUST000270,Checking,2024-05-18,US,Active
ACC0002635,CUST000548,Checking,2025-12-04,SA,Closed
ACC0002636,CUST000027,Checking,2026-02-10,US,Active
ACC0002637,CUST001110,Business,2025-07-09,FR,Active
ACC0002638,CUST001746,Business,2024-12-13,US,Active
ACC0002639,CUST000414,Checking,2024-01-23,IN,Active
ACC0002640,CUST001555,Business,2025-11-09,IN,Closed
ACC0002641,CUST001670,Checking,2026-06-16,AE,Active
ACC0002642,CUST000679,Savings,2023-11-02,GB,Active
ACC0002643,CUST000499,Checking,2025-11-30,CN,Active
ACC0002644,CUST001417,Savings,2023-12-31,CN,Active
ACC0002645,CUST000252,Checking,2024-01-19,PK,Active
ACC0002646,CUST000210,Business,2026-02-14,AE,Active
ACC0002647,CUST000210,Business,2024-07-06,NL,Active
ACC0002648,CUST000290,Checking,2026-03-09,DE,Active
ACC0002649,CUST000049,Checking,2023-09-21,NL,Active
ACC0002650,CUST000789,Checking,2025-01-23,FR,Active
ACC0002651,CUST001342,Savings,2024-11-07,DE,Active
ACC0002652,CUST001887,Business,2025-07-05,NL,Active
ACC0002653,CUST001406,Business,2024-07-10,US,Active
ACC0002654,CUST001007,Checking,2025-01-11,US,Active
ACC0002655,CUST000459,Checking,2023-11-30,AE,Active
ACC0002656,CUST000731,Checking,2025-03-16,SA,Active
ACC0002657,CUST000683,Checking,2024-09-02,FR,Active
ACC0002658,CUST001890,Checking,2024-09-10,PK,Active
ACC0002659,CUST001238,Checking,2024-12-14,GB,Active
ACC0002660,CUST000877,Business,2024-06-24,FR,Active
ACC0002661,CUST001228,Checking,2025-02-03,NL,Active
ACC0002662,CUST000307,Business,2025-02-12,AE,Active
ACC0002663,CUST001279,Savings,2026-02-23,FR,Active
ACC0002664,CUST001792,Checking,2026-01-10,AE,Active
ACC0002665,CUST001876,Savings,2026-05-11,FR,Active
ACC0002666,CUST001910,Savings,2026-04-30,US,Active
ACC0002667,CUST001615,Checking,2026-01-01,GB,Active
ACC0002668,CUST001592,Business,2025-08-24,GB,Active
ACC0002669,CUST000655,Checking,2026-01-08,NL,Active
ACC0002670,CUST000914,Business,2025-03-16,IN,Active
ACC0002671,CUST001668,Checking,2024-12-31,US,Active
ACC0002672,CUST001183,Savings,2025-11-15,AE,Active
ACC0002673,CUST000296,Checking,2025-07-27,FR,Active
ACC0002674,CUST000261,Checking,2025-03-13,NL,Active
ACC0002675,CUST000722,Savings,2024-11-03,IN,Active
ACC0002676,CUST000868,Savings,2024-08-02,NL,Active
ACC0002677,CUST001232,Business,2023-08-23,FR,Closed
ACC0002678,CUST000283,Business,2024-08-20,DE,Active
ACC0002679,CUST000784,Savings,2024-12-05,CN,Active
ACC0002680,CUST001018,Business,2025-07-11,CN,Active
ACC0002681,CUST001008,Business,2025-09-11,CN,Active
ACC0002682,CUST001682,Checking,2024-03-11,NL,Closed
ACC0002683,CUST000171,Business,2025-03-15,NL,Active
ACC0002684,CUST001079,Business,2026-06-25,DE,Active
ACC0002685,CUST001439,Checking,2026-04-24,DE,Active
ACC0002686,CUST000740,Checking,2024-09-07,DE,Active
ACC0002687,CUST001742,Checking,2024-02-03,FR,Active
ACC0002688,CUST001143,Savings,2025-10-01,GB,Active
ACC0002689,CUST001886,Checking,2023-08-08,PK,Closed
ACC0002690,CUST001866,Savings,2024-11-10,FR,Active
ACC0002691,CUST001738,Checking,2025-02-07,AE,Active
ACC0002692,CUST000942,Checking,2023-08-02,CN,Active
ACC0002693,CUST001990,Savings,2024-06-22,DE,Active
ACC0002694,CUST000431,Checking,2023-11-05,PK,Active
ACC0002695,CUST001529,Checking,2024-08-24,US,Active
ACC0002696,CUST001970,Business,2024-04-23,GB,Active
ACC0002697,CUST900026,Business,2026-04-05,PK,Active
ACC0002698,CUST001425,Savings,2025-05-04,FR,Active
ACC0002699,CUST000110,Business,2023-09-01,US,Frozen
ACC0002700,CUST001357,Business,2024-05-16,US,Active
ACC0002701,CUST000976,Business,2024-12-19,GB,Active
ACC0002702,CUST000061,Checking,2023-09-12,FR,Active
ACC0002703,CUST000289,Checking,2025-08-07,DE,Active
ACC0002704,CUST000157,Checking,2024-04-22,SA,Active
ACC0002705,CUST001702,Savings,2025-05-24,GB,Active
ACC0002706,CUST001567,Checking,2026-05-28,IN,Active
ACC0002707,CUST001522,Checking,2025-12-21,CN,Active
ACC0002708,CUST001430,Savings,2026-02-02,IN,Active
ACC0002709,CUST000842,Business,2026-04-11,FR,Active
ACC0002710,CUST900017,Business,2026-06-25,PK,Active
ACC0002711,CUST000587,Checking,2025-05-31,GB,Active
ACC0002712,CUST000122,Business,2024-12-31,PK,Active
ACC0002713,CUST001237,Checking,2024-12-13,CN,Active
ACC0002714,CUST000328,Checking,2026-02-14,NL,Active
ACC0002715,CUST001705,Savings,2025-10-05,IN,Active
ACC0002716,CUST001134,Business,2025-12-04,AE,Active
ACC0002717,CUST001882,Business,2023-09-06,CN,Frozen
ACC0002718,CUST000626,Business,2023-08-27,DE,Active
ACC0002719,CUST000867,Checking,2026-03-07,AE,Closed
ACC0002720,CUST001992,Checking,2024-01-07,CN,Active
ACC0002721,CUST000773,Checking,2025-09-19,DE,Active
ACC0002722,CUST000820,Business,2026-02-10,PK,Active
ACC0002723,CUST000448,Savings,2023-12-15,GB,Active
ACC0002724,CUST001684,Business,2024-10-17,CN,Active
ACC0002725,CUST001239,Checking,2026-01-14,IN,Active
ACC0002726,CUST000977,Savings,2023-09-25,NL,Active
ACC0002727,CUST001694,Savings,2025-06-06,GB,Active
ACC0002728,CUST000111,Savings,2023-10-02,NL,Active
ACC0002729,CUST000398,Savings,2023-11-08,US,Active
ACC0002730,CUST000213,Checking,2025-02-26,FR,Active
ACC0002731,CUST001235,Savings,2026-06-10,PK,Active
ACC0002732,CUST000490,Savings,2024-02-19,GB,Active
ACC0002733,CUST001109,Checking,2025-05-12,US,Closed
ACC0002734,CUST000433,Business,2023-08-14,PK,Active
ACC0002735,CUST001549,Savings,2026-01-05,DE,Active
ACC0002736,CUST001129,Checking,2026-01-17,PK,Active
ACC0002737,CUST000492,Savings,2024-06-29,US,Active
ACC0002738,CUST001167,Business,2025-08-22,PK,Active
ACC0002739,CUST001154,Savings,2026-03-19,PK,Active
ACC0002740,CUST000098,Savings,2025-04-13,US,Active
ACC0002741,CUST001932,Savings,2026-04-29,PK,Active
ACC0002742,CUST000730,Savings,2025-01-28,NL,Active
ACC0002743,CUST001024,Checking,2026-04-25,FR,Frozen
ACC0002744,CUST001539,Savings,2024-09-29,FR,Active
ACC0002745,CUST001994,Checking,2026-01-06,US,Active
ACC0002746,CUST000678,Savings,2025-07-10,CN,Active
ACC0002747,CUST000206,Business,2023-10-05,GB,Active
ACC0002748,CUST000048,Business,2025-12-23,NL,Active
ACC0002749,CUST000976,Business,2025-01-12,PK,Active
ACC0002750,CUST000594,Checking,2025-09-12,GB,Active
ACC0002751,CUST001397,Savings,2023-10-25,US,Active
ACC0002752,CUST001812,Business,2024-11-11,US,Active
ACC0002753,CUST001951,Business,2024-05-16,DE,Active
ACC0002754,CUST001811,Checking,2024-02-24,GB,Active
ACC0002755,CUST001574,Business,2025-01-16,GB,Active
ACC0002756,CUST001973,Business,2024-01-28,CN,Active
ACC0002757,CUST001492,Business,2025-10-01,CN,Active
ACC0002758,CUST001905,Savings,2026-01-06,IN,Active
ACC0002759,CUST001608,Checking,2023-07-31,FR,Frozen
ACC0002760,CUST000595,Savings,2024-05-14,SA,Active
ACC0002761,CUST001752,Savings,2024-08-04,PK,Frozen
ACC0002762,CUST001824,Business,2024-07-25,NL,Active
ACC0002763,CUST000489,Checking,2025-03-24,SA,Active
ACC0002764,CUST001242,Checking,2025-08-08,GB,Active
ACC0002765,CUST001161,Business,2025-03-22,IN,Frozen
ACC0002766,CUST000199,Checking,2024-12-02,GB,Active
ACC0002767,CUST001569,Savings,2023-11-28,CN,Active
ACC0002768,CUST001776,Checking,2023-11-01,IN,Active
ACC0002769,CUST000192,Savings,2025-09-12,FR,Active
ACC0002770,CUST000347,Savings,2024-02-10,GB,Active
ACC0002771,CUST000139,Savings,2025-04-18,SA,Active
ACC0002772,CUST000744,Savings,2026-05-22,US,Active
ACC0002773,CUST000145,Checking,2025-10-22,IN,Active
ACC0002774,CUST000528,Savings,2025-11-14,AE,Active
ACC0002775,CUST001562,Savings,2024-03-15,GB,Active
ACC0002776,CUST001924,Checking,2024-08-30,SA,Active
ACC0002777,CUST000999,Checking,2023-10-22,FR,Active
ACC0002778,CUST001759,Savings,2025-09-07,NL,Active
ACC0002779,CUST000837,Business,2024-04-16,GB,Active
ACC0002780,CUST000902,Savings,2026-01-05,CN,Active
ACC0002781,CUST001730,Business,2025-06-11,FR,Active
ACC0002782,CUST000765,Checking,2026-03-14,NL,Active
ACC0002783,CUST001036,Savings,2024-02-16,AE,Active
ACC0002784,CUST001796,Business,2025-10-10,PK,Active
ACC0002785,CUST001271,Business,2023-12-16,PK,Active
ACC0002786,CUST001517,Checking,2023-09-22,CN,Active
ACC0002787,CUST000016,Checking,2025-08-18,US,Active
ACC0002788,CUST000595,Savings,2024-02-02,GB,Active
ACC0002789,CUST001167,Savings,2023-12-24,US,Active
ACC0002790,CUST000456,Savings,2024-06-28,IN,Active
ACC0002791,CUST001370,Checking,2024-03-24,FR,Closed
ACC0002792,CUST000954,Savings,2024-02-13,CN,Active
ACC0002793,CUST001843,Savings,2026-02-23,US,Active
ACC0002794,CUST000175,Checking,2024-02-01,US,Active
ACC0002795,CUST001878,Savings,2024-06-06,NL,Active
ACC0002796,CUST000408,Savings,2025-08-09,FR,Active
ACC0002797,CUST000132,Savings,2024-05-05,FR,Active
ACC0002798,CUST001237,Savings,2024-12-31,DE,Active
ACC0002799,CUST001438,Business,2025-04-04,IN,Active
ACC0002800,CUST000234,Savings,2024-08-02,IN,Active
ACC0002801,CUST000078,Business,2025-06-11,GB,Active
ACC0002802,CUST001942,Savings,2024-11-18,GB,Active
ACC0002803,CUST001311,Checking,2025-05-30,FR,Active
ACC0002804,CUST001163,Checking,2025-12-30,SA,Active
ACC0002805,CUST001585,Savings,2023-09-05,PK,Active
ACC0002806,CUST001917,Savings,2026-01-02,NL,Active
ACC0002807,CUST000969,Checking,2024-09-11,PK,Closed
ACC0002808,CUST000433,Checking,2025-02-20,NL,Active
ACC0002809,CUST000552,Savings,2024-03-08,GB,Active
ACC0002810,CUST000171,Checking,2025-08-14,US,Active
ACC0002811,CUST000560,Savings,2024-07-31,US,Active
ACC0002812,CUST000610,Business,2025-12-08,IN,Active
ACC0002813,CUST001784,Savings,2025-11-22,CN,Active
ACC0002814,CUST000438,Business,2024-03-05,AE,Active
ACC0002815,CUST000376,Checking,2025-08-11,US,Closed
ACC0002816,CUST001832,Savings,2025-01-15,FR,Active
ACC0002817,CUST001972,Savings,2025-12-28,GB,Active
ACC0002818,CUST000406,Savings,2025-11-20,NL,Active
ACC0002819,CUST000986,Savings,2023-11-01,CN,Active
ACC0002820,CUST001410,Checking,2025-10-29,NL,Active
ACC0002821,CUST000726,Business,2024-04-28,SA,Active
ACC0002822,CUST000796,Checking,2024-12-07,CN,Active
ACC0002823,CUST001603,Business,2023-08-30,DE,Active
ACC0002824,CUST900003,Business,2023-11-27,SA,Active
ACC0002825,CUST001262,Checking,2025-06-28,FR,Active
ACC0002826,CUST001360,Business,2024-02-11,FR,Active
ACC0002827,CUST000029,Checking,2023-12-24,IN,Active
ACC0002828,CUST001912,Checking,2025-04-13,IN,Active
ACC0002829,CUST001770,Savings,2024-08-27,US,Active
ACC0002830,CUST001622,Business,2024-09-02,NL,Active
ACC0002831,CUST000538,Business,2025-04-15,PK,Active
ACC0002832,CUST000922,Checking,2023-09-02,IN,Active
ACC0002833,CUST001308,Business,2025-08-13,US,Active
ACC0002834,CUST000074,Checking,2025-05-29,DE,Active
ACC0002835,CUST000860,Business,2026-02-08,CN,Active
ACC0002836,CUST001585,Checking,2023-08-05,SA,Active
ACC0002837,CUST000773,Checking,2024-10-19,FR,Active
ACC0002838,CUST000429,Checking,2024-07-18,SA,Active
ACC0002839,CUST001956,Checking,2025-06-17,FR,Active
ACC0002840,CUST001666,Savings,2023-11-11,PK,Closed
ACC0002841,CUST000618,Savings,2026-03-27,CN,Closed
ACC0002842,CUST001677,Checking,2024-06-18,IN,Active
ACC0002843,CUST001328,Savings,2024-12-06,NL,Active
ACC0002844,CUST000840,Savings,2024-02-11,FR,Active
ACC0002845,CUST001696,Business,2023-08-20,NL,Active
ACC0002846,CUST001071,Savings,2025-12-06,US,Closed
ACC0002847,CUST001897,Checking,2024-11-25,IN,Active
ACC0002848,CUST000877,Savings,2025-04-01,GB,Active
ACC0002849,CUST001132,Business,2024-11-02,GB,Active
ACC0002850,CUST001111,Savings,2024-09-25,NL,Frozen
ACC0002851,CUST000583,Business,2026-01-02,NL,Active
ACC0002852,CUST001298,Savings,2024-04-22,SA,Active
ACC0002853,CUST001920,Checking,2024-08-28,US,Active
ACC0002854,CUST001650,Checking,2024-07-22,US,Active
ACC0002855,CUST001330,Checking,2025-07-20,SA,Active
ACC0002856,CUST001909,Savings,2024-06-11,US,Active
ACC0002857,CUST001016,Business,2026-05-27,SA,Closed
ACC0002858,CUST001898,Business,2026-02-17,US,Active
ACC0002859,CUST001297,Savings,2025-10-18,CN,Active
ACC0002860,CUST001190,Checking,2026-03-14,AE,Active
ACC0002861,CUST001744,Savings,2025-01-18,DE,Active
ACC0002862,CUST000456,Savings,2024-10-18,CN,Active
ACC0002863,CUST000780,Checking,2025-10-30,DE,Active
ACC0002864,CUST001753,Savings,2026-05-09,US,Active
ACC0002865,CUST000718,Savings,2024-09-27,NL,Active
ACC0002866,CUST001859,Business,2023-08-27,NL,Active
ACC0002867,CUST000015,Savings,2025-01-24,DE,Active
ACC0002868,CUST001039,Savings,2026-04-06,AE,Active
ACC0002869,CUST001801,Business,2026-02-27,AE,Active
ACC0002870,CUST000629,Savings,2026-05-21,DE,Active
ACC0002871,CUST000008,Savings,2026-04-28,PK,Active
ACC0002872,CUST000031,Checking,2024-02-24,GB,Active
ACC0002873,CUST001618,Savings,2026-05-29,CN,Active
ACC0002874,CUST001679,Business,2025-10-06,SA,Active
ACC0002875,CUST000650,Savings,2023-12-13,GB,Active
ACC0002876,CUST001964,Business,2024-07-17,NL,Active
ACC0002877,CUST000495,Business,2026-05-16,NL,Active
ACC0002878,CUST000394,Business,2026-05-27,NL,Active
ACC0002879,CUST001696,Checking,2024-06-21,SA,Active
ACC0002880,CUST000878,Checking,2025-10-21,NL,Active
ACC0002881,CUST001491,Checking,2025-11-28,NL,Active
ACC0002882,CUST001851,Savings,2024-11-27,CN,Active
ACC0002883,CUST000324,Savings,2024-01-20,DE,Active
ACC0002884,CUST000203,Business,2023-07-28,GB,Active
ACC0002885,CUST001032,Checking,2024-01-01,SA,Active
ACC0002886,CUST001606,Savings,2026-02-23,AE,Active
ACC0002887,CUST900009,Business,2024-06-13,GB,Active
ACC0002888,CUST001942,Savings,2023-10-21,DE,Active
ACC0002889,CUST000190,Checking,2024-04-04,PK,Active
ACC0002890,CUST000895,Checking,2024-02-29,SA,Active
ACC0002891,CUST000313,Checking,2023-11-01,SA,Active
ACC0002892,CUST001449,Business,2024-04-13,US,Active
ACC0002893,CUST001171,Savings,2025-07-26,PK,Active
ACC0002894,CUST001520,Business,2026-01-14,GB,Active
ACC0002895,CUST000929,Business,2024-08-29,FR,Active
ACC0002896,CUST000382,Checking,2024-12-17,DE,Active
ACC0002897,CUST000608,Checking,2024-07-29,CN,Active
ACC0002898,CUST001721,Checking,2024-12-10,NL,Active
ACC0002899,CUST001577,Savings,2025-07-29,PK,Active
ACC0002900,CUST000563,Checking,2025-08-10,GB,Active
ACC0002901,CUST001284,Checking,2026-03-27,SA,Active
ACC0002902,CUST001775,Checking,2025-07-09,US,Active
ACC0002903,CUST000940,Business,2025-12-30,US,Active
ACC0002904,CUST000219,Checking,2025-08-18,AE,Closed
ACC0002905,CUST000536,Checking,2025-10-18,US,Active
ACC0002906,CUST000158,Savings,2023-11-07,FR,Closed
ACC0002907,CUST001869,Checking,2023-12-11,NL,Active
ACC0002908,CUST000206,Savings,2025-10-18,PK,Active
ACC0002909,CUST000847,Checking,2023-12-17,IN,Active
ACC0002910,CUST001964,Business,2025-10-29,US,Active
ACC0002911,CUST000430,Business,2026-03-11,NL,Active
ACC0002912,CUST000768,Savings,2025-12-17,IN,Active
ACC0002913,CUST001655,Checking,2025-09-13,GB,Active
ACC0002914,CUST000611,Checking,2024-10-22,GB,Active
ACC0002915,CUST001350,Business,2024-09-19,SA,Active
ACC0002916,CUST001750,Checking,2023-10-12,US,Active
ACC0002917,CUST001998,Savings,2024-12-29,FR,Active
ACC0002918,CUST000991,Business,2025-09-24,SA,Active
ACC0002919,CUST001119,Checking,2025-04-13,GB,Active
ACC0002920,CUST001068,Business,2024-03-20,AE,Closed
ACC0002921,CUST001897,Checking,2025-05-06,DE,Active
ACC0002922,CUST001241,Checking,2025-10-23,CN,Active
ACC0002923,CUST000047,Business,2024-08-24,CN,Active
ACC0002924,CUST001558,Checking,2024-07-24,DE,Active
ACC0002925,CUST001775,Savings,2025-12-21,US,Active
ACC0002926,CUST001840,Checking,2025-05-08,PK,Active
ACC0002927,CUST000670,Checking,2025-10-06,DE,Active
ACC0002928,CUST000170,Business,2026-03-28,GB,Active
ACC0002929,CUST000548,Savings,2025-06-15,IN,Active
ACC0002930,CUST000408,Checking,2023-12-22,FR,Active
ACC0002931,CUST001450,Business,2024-02-13,AE,Active
ACC0002932,CUST000956,Business,2024-03-09,IN,Closed
ACC0002933,CUST000893,Business,2024-11-03,NL,Active
ACC0002934,CUST001888,Checking,2024-07-23,AE,Active
ACC0002935,CUST000354,Checking,2025-06-24,AE,Active
ACC0002936,CUST001969,Savings,2024-10-23,US,Active
ACC0002937,CUST001195,Business,2024-05-26,AE,Active
ACC0002938,CUST000339,Checking,2024-09-12,IN,Active
ACC0002939,CUST000887,Savings,2025-12-19,NL,Active
ACC0002940,CUST001221,Business,2023-09-03,AE,Active
ACC0002941,CUST001670,Savings,2026-05-14,SA,Active
ACC0002942,CUST000220,Business,2024-10-19,NL,Active
ACC0002943,CUST000879,Checking,2024-01-18,SA,Active
ACC0002944,CUST900020,Savings,2025-07-24,US,Active
ACC0002945,CUST000920,Checking,2026-01-02,PK,Closed
ACC0002946,CUST001962,Business,2024-12-04,AE,Active
ACC0002947,CUST001201,Savings,2023-10-24,AE,Active
ACC0002948,CUST001236,Business,2025-07-28,CN,Active
ACC0002949,CUST000721,Savings,2023-11-13,PK,Active
ACC0002950,CUST000234,Checking,2026-02-01,FR,Active
ACC0002951,CUST000879,Checking,2025-11-30,FR,Active
ACC0002952,CUST000502,Checking,2023-08-10,DE,Active
ACC0002953,CUST001345,Savings,2024-07-02,FR,Active
ACC0002954,CUST000297,Savings,2025-03-31,US,Active
ACC0002955,CUST000019,Savings,2024-09-09,PK,Active
ACC0002956,CUST001468,Savings,2024-11-23,DE,Active
ACC0002957,CUST000953,Business,2024-12-27,FR,Active
ACC0002958,CUST001840,Checking,2026-05-16,CN,Active
ACC0002959,CUST000135,Savings,2024-09-28,AE,Active
ACC0002960,CUST001232,Checking,2025-10-27,CN,Active
ACC0002961,CUST000445,Checking,2024-06-14,CN,Active
ACC0002962,CUST000569,Business,2024-04-28,SA,Active
ACC0002963,CUST001937,Business,2025-06-02,US,Active
ACC0002964,CUST001175,Business,2025-05-01,NL,Active
ACC0002965,CUST001397,Savings,2025-11-29,FR,Active
ACC0002966,CUST001665,Savings,2024-11-18,DE,Closed
ACC0002967,CUST000403,Checking,2024-08-28,IN,Active
ACC0002968,CUST001021,Checking,2024-12-13,AE,Closed
ACC0002969,CUST000862,Checking,2024-07-19,US,Active
ACC0002970,CUST000927,Checking,2025-02-17,SA,Active
ACC0002971,CUST000669,Business,2024-08-19,NL,Active
ACC0002972,CUST000484,Business,2025-11-11,PK,Active
ACC0002973,CUST000583,Checking,2026-06-07,SA,Active
ACC0002974,CUST000009,Savings,2025-02-13,AE,Active
ACC0002975,CUST000268,Savings,2024-09-08,PK,Active
ACC0002976,CUST001834,Business,2025-07-16,CN,Active
ACC0002977,CUST000080,Savings,2024-01-04,PK,Active
ACC0002978,CUST000142,Savings,2024-07-21,US,Active
ACC0002979,CUST001699,Savings,2026-04-18,AE,Active
ACC0002980,CUST000562,Savings,2025-04-17,FR,Closed
ACC0002981,CUST000819,Checking,2024-02-23,CN,Active
ACC0002982,CUST001586,Savings,2025-12-10,IN,Active
ACC0002983,CUST001254,Checking,2025-09-10,NL,Active
ACC0002984,CUST000611,Business,2024-11-24,IN,Active
ACC0002985,CUST001010,Business,2023-09-17,US,Active
ACC0002986,CUST001726,Savings,2024-05-23,SA,Active
ACC0002987,CUST000210,Checking,2023-12-04,DE,Active
ACC0002988,CUST000097,Checking,2024-12-30,GB,Active
ACC0002989,CUST000215,Savings,2024-08-22,NL,Active
ACC0002990,CUST000463,Checking,2026-03-01,US,Closed
ACC0002991,CUST000391,Business,2025-07-28,FR,Active
ACC0002992,CUST001671,Business,2024-04-21,PK,Active
ACC0002993,CUST001913,Business,2024-07-21,PK,Active
ACC0002994,CUST000531,Checking,2024-06-07,US,Active
ACC0002995,CUST000098,Savings,2025-12-17,US,Active
ACC0002996,CUST000540,Savings,2025-02-25,SA,Active
ACC0002997,CUST001621,Savings,2024-02-03,AE,Active
ACC0002998,CUST001430,Checking,2024-08-11,GB,Active
ACC0002999,CUST001194,Savings,2023-08-15,US,Active
